ac_code,party_code,party_name_english,party_name_bangla,party_logo
1,1,AITC (Trinamool Congress),AITC (Trinamool Congress),1.jpeg
1,2,BJP,BJP,2.jpg
1,4,Left Front,Left Front,4.png
1,12,Independent,Independent,
1,44,Others (specify),Others (specify),
1,55,NOTA,NOTA,
1,66,Did not vote,Did not vote,
1,77,Not eligible for voting,Not eligible for voting,
1,88,No response/Refused to answer,No response/Refused to answer,
2,1,AITC (Trinamool Congress),AITC (Trinamool Congress),1.jpeg
2,2,BJP,BJP,2.jpg
2,4,Left Front,Left Front,4.png
2,12,Independent,Independent,
2,44,Others (specify),Others (specify),
2,55,NOTA,NOTA,
2,66,Did not vote,Did not vote,
2,77,Not eligible for voting,Not eligible for voting,
2,88,No response/Refused to answer,No response/Refused to answer,
3,1,AITC (Trinamool Congress),AITC (Trinamool Congress),1.jpeg
3,2,BJP,BJP,2.jpg
3,4,Left Front,Left Front,4.png
3,12,Independent,Independent,
3,44,Others (specify),Others (specify),
3,55,NOTA,NOTA,
3,66,Did not vote,Did not vote,
3,77,Not eligible for voting,Not eligible for voting,
3,88,No response/Refused to answer,No response/Refused to answer,
4,1,AITC (Trinamool Congress),AITC (Trinamool Congress),1.jpeg
4,2,BJP,BJP,2.jpg
4,4,Left Front,Left Front,4.png
4,12,Independent,Independent,
4,44,Others (specify),Others (specify),
4,55,NOTA,NOTA,
4,66,Did not vote,Did not vote,
4,77,Not eligible for voting,Not eligible for voting,
4,88,No response/Refused to answer,No response/Refused to answer,
5,1,AITC (Trinamool Congress),AITC (Trinamool Congress),1.jpeg
5,2,BJP,BJP,2.jpg
5,4,Left Front,Left Front,4.png
5,12,Independent,Independent,
5,44,Others (specify),Others (specify),
5,55,NOTA,NOTA,
5,66,Did not vote,Did not vote,
5,77,Not eligible for voting,Not eligible for voting,
5,88,No response/Refused to answer,No response/Refused to answer,
6,1,AITC (Trinamool Congress),AITC (Trinamool Congress),1.jpeg
6,2,BJP,BJP,2.jpg
6,3,INC (Congress),INC (Congress),3.jpg
6,12,Independent,Independent,
6,44,Others (specify),Others (specify),
6,55,NOTA,NOTA,
6,66,Did not vote,Did not vote,
6,77,Not eligible for voting,Not eligible for voting,
6,88,No response/Refused to answer,No response/Refused to answer,
7,1,AITC (Trinamool Congress),AITC (Trinamool Congress),1.jpeg
7,2,BJP,BJP,2.jpg
7,4,Left Front,Left Front,4.png
7,12,Independent,Independent,
7,44,Others (specify),Others (specify),
7,55,NOTA,NOTA,
7,66,Did not vote,Did not vote,
7,77,Not eligible for voting,Not eligible for voting,
7,88,No response/Refused to answer,No response/Refused to answer,
8,1,AITC (Trinamool Congress),AITC (Trinamool Congress),1.jpeg
8,2,BJP,BJP,2.jpg
8,4,Left Front,Left Front,4.png
8,12,Independent,Independent,
8,44,Others (specify),Others (specify),
8,55,NOTA,NOTA,
8,66,Did not vote,Did not vote,
8,77,Not eligible for voting,Not eligible for voting,
8,88,No response/Refused to answer,No response/Refused to answer,
9,1,AITC (Trinamool Congress),AITC (Trinamool Congress),1.jpeg
9,2,BJP,BJP,2.jpg
9,3,INC (Congress),INC (Congress),3.jpg
9,12,Independent,Independent,
9,44,Others (specify),Others (specify),
9,55,NOTA,NOTA,
9,66,Did not vote,Did not vote,
9,77,Not eligible for voting,Not eligible for voting,
9,88,No response/Refused to answer,No response/Refused to answer,
10,1,AITC (Trinamool Congress),AITC (Trinamool Congress),1.jpeg
10,2,BJP,BJP,2.jpg
10,4,Left Front,Left Front,4.png
10,12,Independent,Independent,
10,44,Others (specify),Others (specify),
10,55,NOTA,NOTA,
10,66,Did not vote,Did not vote,
10,77,Not eligible for voting,Not eligible for voting,
10,88,No response/Refused to answer,No response/Refused to answer,
11,1,AITC (Trinamool Congress),AITC (Trinamool Congress),1.jpeg
11,2,BJP,BJP,2.jpg
11,3,INC (Congress),INC (Congress),3.jpg
11,12,Independent,Independent,
11,44,Others (specify),Others (specify),
11,55,NOTA,NOTA,
11,66,Did not vote,Did not vote,
11,77,Not eligible for voting,Not eligible for voting,
11,88,No response/Refused to answer,No response/Refused to answer,
12,1,AITC (Trinamool Congress),AITC (Trinamool Congress),1.jpeg
12,2,BJP,BJP,2.jpg
12,3,INC (Congress),INC (Congress),3.jpg
12,12,Independent,Independent,
12,44,Others (specify),Others (specify),
12,55,NOTA,NOTA,
12,66,Did not vote,Did not vote,
12,77,Not eligible for voting,Not eligible for voting,
12,88,No response/Refused to answer,No response/Refused to answer,
13,1,AITC (Trinamool Congress),AITC (Trinamool Congress),1.jpeg
13,2,BJP,BJP,2.jpg
13,4,Left Front,Left Front,4.png
13,12,Independent,Independent,
13,44,Others (specify),Others (specify),
13,55,NOTA,NOTA,
13,66,Did not vote,Did not vote,
13,77,Not eligible for voting,Not eligible for voting,
13,88,No response/Refused to answer,No response/Refused to answer,
14,1,AITC (Trinamool Congress),AITC (Trinamool Congress),1.jpeg
14,2,BJP,BJP,2.jpg
14,4,Left Front,Left Front,4.png
14,12,Independent,Independent,
14,44,Others (specify),Others (specify),
14,55,NOTA,NOTA,
14,66,Did not vote,Did not vote,
14,77,Not eligible for voting,Not eligible for voting,
14,88,No response/Refused to answer,No response/Refused to answer,
15,1,AITC (Trinamool Congress),AITC (Trinamool Congress),1.jpeg
15,2,BJP,BJP,2.jpg
15,4,Left Front,Left Front,4.png
15,12,Independent,Independent,
15,44,Others (specify),Others (specify),
15,55,NOTA,NOTA,
15,66,Did not vote,Did not vote,
15,77,Not eligible for voting,Not eligible for voting,
15,88,No response/Refused to answer,No response/Refused to answer,
16,1,AITC (Trinamool Congress),AITC (Trinamool Congress),1.jpeg
16,2,BJP,BJP,2.jpg
16,4,Left Front,Left Front,4.png
16,12,Independent,Independent,
16,44,Others (specify),Others (specify),
16,55,NOTA,NOTA,
16,66,Did not vote,Did not vote,
16,77,Not eligible for voting,Not eligible for voting,
16,88,No response/Refused to answer,No response/Refused to answer,
17,1,AITC (Trinamool Congress),AITC (Trinamool Congress),1.jpeg
17,2,BJP,BJP,2.jpg
17,3,INC (Congress),INC (Congress),3.jpg
17,12,Independent,Independent,
17,44,Others (specify),Others (specify),
17,55,NOTA,NOTA,
17,66,Did not vote,Did not vote,
17,77,Not eligible for voting,Not eligible for voting,
17,88,No response/Refused to answer,No response/Refused to answer,
18,1,AITC (Trinamool Congress),AITC (Trinamool Congress),1.jpeg
18,2,BJP,BJP,2.jpg
18,4,Left Front,Left Front,4.png
18,12,Independent,Independent,
18,44,Others (specify),Others (specify),
18,55,NOTA,NOTA,
18,66,Did not vote,Did not vote,
18,77,Not eligible for voting,Not eligible for voting,
18,88,No response/Refused to answer,No response/Refused to answer,
19,1,AITC (Trinamool Congress),AITC (Trinamool Congress),1.jpeg
19,2,BJP,BJP,2.jpg
19,4,Left Front,Left Front,4.png
19,12,Independent,Independent,
19,44,Others (specify),Others (specify),
19,55,NOTA,NOTA,
19,66,Did not vote,Did not vote,
19,77,Not eligible for voting,Not eligible for voting,
19,88,No response/Refused to answer,No response/Refused to answer,
20,1,AITC (Trinamool Congress),AITC (Trinamool Congress),1.jpeg
20,2,BJP,BJP,2.jpg
20,4,Left Front,Left Front,4.png
20,12,Independent,Independent,
20,44,Others (specify),Others (specify),
20,55,NOTA,NOTA,
20,66,Did not vote,Did not vote,
20,77,Not eligible for voting,Not eligible for voting,
20,88,No response/Refused to answer,No response/Refused to answer,
21,1,AITC (Trinamool Congress),AITC (Trinamool Congress),1.jpeg
21,2,BJP,BJP,2.jpg
21,3,INC (Congress),INC (Congress),3.jpg
21,12,Independent,Independent,
21,44,Others (specify),Others (specify),
21,55,NOTA,NOTA,
21,66,Did not vote,Did not vote,
21,77,Not eligible for voting,Not eligible for voting,
21,88,No response/Refused to answer,No response/Refused to answer,
22,2,BJP,BJP,2.jpg
22,3,INC (Congress),INC (Congress),3.jpg
22,12,Independent,Independent,
22,44,Others (specify),Others (specify),
22,55,NOTA,NOTA,
22,66,Did not vote,Did not vote,
22,77,Not eligible for voting,Not eligible for voting,
22,88,No response/Refused to answer,No response/Refused to answer,
23,2,BJP,BJP,2.jpg
23,4,Left Front,Left Front,4.png
23,12,Independent,Independent,
23,44,Others (specify),Others (specify),
23,55,NOTA,NOTA,
23,66,Did not vote,Did not vote,
23,77,Not eligible for voting,Not eligible for voting,
23,88,No response/Refused to answer,No response/Refused to answer,
24,2,BJP,BJP,2.jpg
24,4,Left Front,Left Front,4.png
24,12,Independent,Independent,
24,44,Others (specify),Others (specify),
24,55,NOTA,NOTA,
24,66,Did not vote,Did not vote,
24,77,Not eligible for voting,Not eligible for voting,
24,88,No response/Refused to answer,No response/Refused to answer,
25,1,AITC (Trinamool Congress),AITC (Trinamool Congress),1.jpeg
25,2,BJP,BJP,2.jpg
25,3,INC (Congress),INC (Congress),3.jpg
25,12,Independent,Independent,
25,44,Others (specify),Others (specify),
25,55,NOTA,NOTA,
25,66,Did not vote,Did not vote,
25,77,Not eligible for voting,Not eligible for voting,
25,88,No response/Refused to answer,No response/Refused to answer,
26,1,AITC (Trinamool Congress),AITC (Trinamool Congress),1.jpeg
26,2,BJP,BJP,2.jpg
26,4,Left Front,Left Front,4.png
26,12,Independent,Independent,
26,44,Others (specify),Others (specify),
26,55,NOTA,NOTA,
26,66,Did not vote,Did not vote,
26,77,Not eligible for voting,Not eligible for voting,
26,88,No response/Refused to answer,No response/Refused to answer,
27,1,AITC (Trinamool Congress),AITC (Trinamool Congress),1.jpeg
27,2,BJP,BJP,2.jpg
27,3,INC (Congress),INC (Congress),3.jpg
27,12,Independent,Independent,
27,44,Others (specify),Others (specify),
27,55,NOTA,NOTA,
27,66,Did not vote,Did not vote,
27,77,Not eligible for voting,Not eligible for voting,
27,88,No response/Refused to answer,No response/Refused to answer,
28,1,AITC (Trinamool Congress),AITC (Trinamool Congress),1.jpeg
28,2,BJP,BJP,2.jpg
28,4,Left Front,Left Front,4.png
28,12,Independent,Independent,
28,44,Others (specify),Others (specify),
28,55,NOTA,NOTA,
28,66,Did not vote,Did not vote,
28,77,Not eligible for voting,Not eligible for voting,
28,88,No response/Refused to answer,No response/Refused to answer,
29,1,AITC (Trinamool Congress),AITC (Trinamool Congress),1.jpeg
29,2,BJP,BJP,2.jpg
29,3,INC (Congress),INC (Congress),3.jpg
29,12,Independent,Independent,
29,44,Others (specify),Others (specify),
29,55,NOTA,NOTA,
29,66,Did not vote,Did not vote,
29,77,Not eligible for voting,Not eligible for voting,
29,88,No response/Refused to answer,No response/Refused to answer,
30,1,AITC (Trinamool Congress),AITC (Trinamool Congress),1.jpeg
30,2,BJP,BJP,2.jpg
30,3,INC (Congress),INC (Congress),3.jpg
30,12,Independent,Independent,
30,44,Others (specify),Others (specify),
30,55,NOTA,NOTA,
30,66,Did not vote,Did not vote,
30,77,Not eligible for voting,Not eligible for voting,
30,88,No response/Refused to answer,No response/Refused to answer,
31,1,AITC (Trinamool Congress),AITC (Trinamool Congress),1.jpeg
31,2,BJP,BJP,2.jpg
31,4,Left Front,Left Front,4.png
31,12,Independent,Independent,
31,44,Others (specify),Others (specify),
31,55,NOTA,NOTA,
31,66,Did not vote,Did not vote,
31,77,Not eligible for voting,Not eligible for voting,
31,88,No response/Refused to answer,No response/Refused to answer,
32,1,AITC (Trinamool Congress),AITC (Trinamool Congress),1.jpeg
32,2,BJP,BJP,2.jpg
32,4,Left Front,Left Front,4.png
32,12,Independent,Independent,
32,44,Others (specify),Others (specify),
32,55,NOTA,NOTA,
32,66,Did not vote,Did not vote,
32,77,Not eligible for voting,Not eligible for voting,
32,88,No response/Refused to answer,No response/Refused to answer,
33,1,AITC (Trinamool Congress),AITC (Trinamool Congress),1.jpeg
33,2,BJP,BJP,2.jpg
33,4,Left Front,Left Front,4.png
33,12,Independent,Independent,
33,44,Others (specify),Others (specify),
33,55,NOTA,NOTA,
33,66,Did not vote,Did not vote,
33,77,Not eligible for voting,Not eligible for voting,
33,88,No response/Refused to answer,No response/Refused to answer,
34,1,AITC (Trinamool Congress),AITC (Trinamool Congress),1.jpeg
34,2,BJP,BJP,2.jpg
34,3,INC (Congress),INC (Congress),3.jpg
34,12,Independent,Independent,
34,44,Others (specify),Others (specify),
34,55,NOTA,NOTA,
34,66,Did not vote,Did not vote,
34,77,Not eligible for voting,Not eligible for voting,
34,88,No response/Refused to answer,No response/Refused to answer,
35,1,AITC (Trinamool Congress),AITC (Trinamool Congress),1.jpeg
35,2,BJP,BJP,2.jpg
35,3,INC (Congress),INC (Congress),3.jpg
35,12,Independent,Independent,
35,44,Others (specify),Others (specify),
35,55,NOTA,NOTA,
35,66,Did not vote,Did not vote,
35,77,Not eligible for voting,Not eligible for voting,
35,88,No response/Refused to answer,No response/Refused to answer,
36,1,AITC (Trinamool Congress),AITC (Trinamool Congress),1.jpeg
36,2,BJP,BJP,2.jpg
36,4,Left Front,Left Front,4.png
36,12,Independent,Independent,
36,44,Others (specify),Others (specify),
36,55,NOTA,NOTA,
36,66,Did not vote,Did not vote,
36,77,Not eligible for voting,Not eligible for voting,
36,88,No response/Refused to answer,No response/Refused to answer,
37,1,AITC (Trinamool Congress),AITC (Trinamool Congress),1.jpeg
37,2,BJP,BJP,2.jpg
37,4,Left Front,Left Front,4.png
37,12,Independent,Independent,
37,44,Others (specify),Others (specify),
37,55,NOTA,NOTA,
37,66,Did not vote,Did not vote,
37,77,Not eligible for voting,Not eligible for voting,
37,88,No response/Refused to answer,No response/Refused to answer,
38,1,AITC (Trinamool Congress),AITC (Trinamool Congress),1.jpeg
38,2,BJP,BJP,2.jpg
38,3,INC (Congress),INC (Congress),3.jpg
38,12,Independent,Independent,
38,44,Others (specify),Others (specify),
38,55,NOTA,NOTA,
38,66,Did not vote,Did not vote,
38,77,Not eligible for voting,Not eligible for voting,
38,88,No response/Refused to answer,No response/Refused to answer,
39,1,AITC (Trinamool Congress),AITC (Trinamool Congress),1.jpeg
39,2,BJP,BJP,2.jpg
39,4,Left Front,Left Front,4.png
39,12,Independent,Independent,
39,44,Others (specify),Others (specify),
39,55,NOTA,NOTA,
39,66,Did not vote,Did not vote,
39,77,Not eligible for voting,Not eligible for voting,
39,88,No response/Refused to answer,No response/Refused to answer,
40,1,AITC (Trinamool Congress),AITC (Trinamool Congress),1.jpeg
40,2,BJP,BJP,2.jpg
40,4,Left Front,Left Front,4.png
40,12,Independent,Independent,
40,44,Others (specify),Others (specify),
40,55,NOTA,NOTA,
40,66,Did not vote,Did not vote,
40,77,Not eligible for voting,Not eligible for voting,
40,88,No response/Refused to answer,No response/Refused to answer,
41,1,AITC (Trinamool Congress),AITC (Trinamool Congress),1.jpeg
41,2,BJP,BJP,2.jpg
41,4,Left Front,Left Front,4.png
41,12,Independent,Independent,
41,44,Others (specify),Others (specify),
41,55,NOTA,NOTA,
41,66,Did not vote,Did not vote,
41,77,Not eligible for voting,Not eligible for voting,
41,88,No response/Refused to answer,No response/Refused to answer,
42,1,AITC (Trinamool Congress),AITC (Trinamool Congress),1.jpeg
42,2,BJP,BJP,2.jpg
42,4,Left Front,Left Front,4.png
42,12,Independent,Independent,
42,44,Others (specify),Others (specify),
42,55,NOTA,NOTA,
42,66,Did not vote,Did not vote,
42,77,Not eligible for voting,Not eligible for voting,
42,88,No response/Refused to answer,No response/Refused to answer,
43,1,AITC (Trinamool Congress),AITC (Trinamool Congress),1.jpeg
43,2,BJP,BJP,2.jpg
43,4,Left Front,Left Front,4.png
43,12,Independent,Independent,
43,44,Others (specify),Others (specify),
43,55,NOTA,NOTA,
43,66,Did not vote,Did not vote,
43,77,Not eligible for voting,Not eligible for voting,
43,88,No response/Refused to answer,No response/Refused to answer,
44,1,AITC (Trinamool Congress),AITC (Trinamool Congress),1.jpeg
44,2,BJP,BJP,2.jpg
44,4,Left Front,Left Front,4.png
44,12,Independent,Independent,
44,44,Others (specify),Others (specify),
44,55,NOTA,NOTA,
44,66,Did not vote,Did not vote,
44,77,Not eligible for voting,Not eligible for voting,
44,88,No response/Refused to answer,No response/Refused to answer,
45,1,AITC (Trinamool Congress),AITC (Trinamool Congress),1.jpeg
45,2,BJP,BJP,2.jpg
45,3,INC (Congress),INC (Congress),3.jpg
45,12,Independent,Independent,
45,44,Others (specify),Others (specify),
45,55,NOTA,NOTA,
45,66,Did not vote,Did not vote,
45,77,Not eligible for voting,Not eligible for voting,
45,88,No response/Refused to answer,No response/Refused to answer,
46,1,AITC (Trinamool Congress),AITC (Trinamool Congress),1.jpeg
46,2,BJP,BJP,2.jpg
46,3,INC (Congress),INC (Congress),3.jpg
46,4,Left Front,Left Front,4.png
46,12,Independent,Independent,
46,44,Others (specify),Others (specify),
46,55,NOTA,NOTA,
46,66,Did not vote,Did not vote,
46,77,Not eligible for voting,Not eligible for voting,
46,88,No response/Refused to answer,No response/Refused to answer,
47,1,AITC (Trinamool Congress),AITC (Trinamool Congress),1.jpeg
47,2,BJP,BJP,2.jpg
47,3,INC (Congress),INC (Congress),3.jpg
47,12,Independent,Independent,
47,44,Others (specify),Others (specify),
47,55,NOTA,NOTA,
47,66,Did not vote,Did not vote,
47,77,Not eligible for voting,Not eligible for voting,
47,88,No response/Refused to answer,No response/Refused to answer,
48,1,AITC (Trinamool Congress),AITC (Trinamool Congress),1.jpeg
48,2,BJP,BJP,2.jpg
48,3,INC (Congress),INC (Congress),3.jpg
48,12,Independent,Independent,
48,44,Others (specify),Others (specify),
48,55,NOTA,NOTA,
48,66,Did not vote,Did not vote,
48,77,Not eligible for voting,Not eligible for voting,
48,88,No response/Refused to answer,No response/Refused to answer,
49,1,AITC (Trinamool Congress),AITC (Trinamool Congress),1.jpeg
49,2,BJP,BJP,2.jpg
49,3,INC (Congress),INC (Congress),3.jpg
49,12,Independent,Independent,
49,44,Others (specify),Others (specify),
49,55,NOTA,NOTA,
49,66,Did not vote,Did not vote,
49,77,Not eligible for voting,Not eligible for voting,
49,88,No response/Refused to answer,No response/Refused to answer,
50,1,AITC (Trinamool Congress),AITC (Trinamool Congress),1.jpeg
50,2,BJP,BJP,2.jpg
50,3,INC (Congress),INC (Congress),3.jpg
50,12,Independent,Independent,
50,44,Others (specify),Others (specify),
50,55,NOTA,NOTA,
50,66,Did not vote,Did not vote,
50,77,Not eligible for voting,Not eligible for voting,
50,88,No response/Refused to answer,No response/Refused to answer,
51,1,AITC (Trinamool Congress),AITC (Trinamool Congress),1.jpeg
51,2,BJP,BJP,2.jpg
51,4,Left Front,Left Front,4.png
51,12,Independent,Independent,
51,44,Others (specify),Others (specify),
51,55,NOTA,NOTA,
51,66,Did not vote,Did not vote,
51,77,Not eligible for voting,Not eligible for voting,
51,88,No response/Refused to answer,No response/Refused to answer,
52,1,AITC (Trinamool Congress),AITC (Trinamool Congress),1.jpeg
52,2,BJP,BJP,2.jpg
52,3,INC (Congress),INC (Congress),3.jpg
52,12,Independent,Independent,
52,44,Others (specify),Others (specify),
52,55,NOTA,NOTA,
52,66,Did not vote,Did not vote,
52,77,Not eligible for voting,Not eligible for voting,
52,88,No response/Refused to answer,No response/Refused to answer,
53,1,AITC (Trinamool Congress),AITC (Trinamool Congress),1.jpeg
53,2,BJP,BJP,2.jpg
53,3,INC (Congress),INC (Congress),3.jpg
53,12,Independent,Independent,
53,44,Others (specify),Others (specify),
53,55,NOTA,NOTA,
53,66,Did not vote,Did not vote,
53,77,Not eligible for voting,Not eligible for voting,
53,88,No response/Refused to answer,No response/Refused to answer,
54,1,AITC (Trinamool Congress),AITC (Trinamool Congress),1.jpeg
54,2,BJP,BJP,2.jpg
54,3,INC (Congress),INC (Congress),3.jpg
54,12,Independent,Independent,
54,44,Others (specify),Others (specify),
54,55,NOTA,NOTA,
54,66,Did not vote,Did not vote,
54,77,Not eligible for voting,Not eligible for voting,
54,88,No response/Refused to answer,No response/Refused to answer,
55,1,AITC (Trinamool Congress),AITC (Trinamool Congress),1.jpeg
55,2,BJP,BJP,2.jpg
55,3,INC (Congress),INC (Congress),3.jpg
55,12,Independent,Independent,
55,44,Others (specify),Others (specify),
55,55,NOTA,NOTA,
55,66,Did not vote,Did not vote,
55,77,Not eligible for voting,Not eligible for voting,
55,88,No response/Refused to answer,No response/Refused to answer,
56,1,AITC (Trinamool Congress),AITC (Trinamool Congress),1.jpeg
56,2,BJP,BJP,2.jpg
56,3,INC (Congress),INC (Congress),3.jpg
56,4,Left Front,Left Front,4.png
56,12,Independent,Independent,
56,44,Others (specify),Others (specify),
56,55,NOTA,NOTA,
56,66,Did not vote,Did not vote,
56,77,Not eligible for voting,Not eligible for voting,
56,88,No response/Refused to answer,No response/Refused to answer,
57,1,AITC (Trinamool Congress),AITC (Trinamool Congress),1.jpeg
57,2,BJP,BJP,2.jpg
57,3,INC (Congress),INC (Congress),3.jpg
57,12,Independent,Independent,
57,44,Others (specify),Others (specify),
57,55,NOTA,NOTA,
57,66,Did not vote,Did not vote,
57,77,Not eligible for voting,Not eligible for voting,
57,88,No response/Refused to answer,No response/Refused to answer,
58,1,AITC (Trinamool Congress),AITC (Trinamool Congress),1.jpeg
58,2,BJP,BJP,2.jpg
58,4,Left Front,Left Front,4.png
58,12,Independent,Independent,
58,44,Others (specify),Others (specify),
58,55,NOTA,NOTA,
58,66,Did not vote,Did not vote,
58,77,Not eligible for voting,Not eligible for voting,
58,88,No response/Refused to answer,No response/Refused to answer,
59,1,AITC (Trinamool Congress),AITC (Trinamool Congress),1.jpeg
59,2,BJP,BJP,2.jpg
59,3,INC (Congress),INC (Congress),3.jpg
59,12,Independent,Independent,
59,44,Others (specify),Others (specify),
59,55,NOTA,NOTA,
59,66,Did not vote,Did not vote,
59,77,Not eligible for voting,Not eligible for voting,
59,88,No response/Refused to answer,No response/Refused to answer,
60,1,AITC (Trinamool Congress),AITC (Trinamool Congress),1.jpeg
60,2,BJP,BJP,2.jpg
60,3,INC (Congress),INC (Congress),3.jpg
60,12,Independent,Independent,
60,44,Others (specify),Others (specify),
60,55,NOTA,NOTA,
60,66,Did not vote,Did not vote,
60,77,Not eligible for voting,Not eligible for voting,
60,88,No response/Refused to answer,No response/Refused to answer,
61,1,AITC (Trinamool Congress),AITC (Trinamool Congress),1.jpeg
61,2,BJP,BJP,2.jpg
61,3,INC (Congress),INC (Congress),3.jpg
61,12,Independent,Independent,
61,44,Others (specify),Others (specify),
61,55,NOTA,NOTA,
61,66,Did not vote,Did not vote,
61,77,Not eligible for voting,Not eligible for voting,
61,88,No response/Refused to answer,No response/Refused to answer,
62,1,AITC (Trinamool Congress),AITC (Trinamool Congress),1.jpeg
62,2,BJP,BJP,2.jpg
62,4,Left Front,Left Front,4.png
62,12,Independent,Independent,
62,44,Others (specify),Others (specify),
62,55,NOTA,NOTA,
62,66,Did not vote,Did not vote,
62,77,Not eligible for voting,Not eligible for voting,
62,88,No response/Refused to answer,No response/Refused to answer,
63,1,AITC (Trinamool Congress),AITC (Trinamool Congress),1.jpeg
63,2,BJP,BJP,2.jpg
63,3,INC (Congress),INC (Congress),3.jpg
63,12,Independent,Independent,
63,44,Others (specify),Others (specify),
63,55,NOTA,NOTA,
63,66,Did not vote,Did not vote,
63,77,Not eligible for voting,Not eligible for voting,
63,88,No response/Refused to answer,No response/Refused to answer,
64,1,AITC (Trinamool Congress),AITC (Trinamool Congress),1.jpeg
64,2,BJP,BJP,2.jpg
64,3,INC (Congress),INC (Congress),3.jpg
64,12,Independent,Independent,
64,44,Others (specify),Others (specify),
64,55,NOTA,NOTA,
64,66,Did not vote,Did not vote,
64,77,Not eligible for voting,Not eligible for voting,
64,88,No response/Refused to answer,No response/Refused to answer,
65,1,AITC (Trinamool Congress),AITC (Trinamool Congress),1.jpeg
65,2,BJP,BJP,2.jpg
65,4,Left Front,Left Front,4.png
65,12,Independent,Independent,
65,44,Others (specify),Others (specify),
65,55,NOTA,NOTA,
65,66,Did not vote,Did not vote,
65,77,Not eligible for voting,Not eligible for voting,
65,88,No response/Refused to answer,No response/Refused to answer,
66,1,AITC (Trinamool Congress),AITC (Trinamool Congress),1.jpeg
66,2,BJP,BJP,2.jpg
66,3,INC (Congress),INC (Congress),3.jpg
66,12,Independent,Independent,
66,44,Others (specify),Others (specify),
66,55,NOTA,NOTA,
66,66,Did not vote,Did not vote,
66,77,Not eligible for voting,Not eligible for voting,
66,88,No response/Refused to answer,No response/Refused to answer,
67,1,AITC (Trinamool Congress),AITC (Trinamool Congress),1.jpeg
67,2,BJP,BJP,2.jpg
67,3,INC (Congress),INC (Congress),3.jpg
67,12,Independent,Independent,
67,44,Others (specify),Others (specify),
67,55,NOTA,NOTA,
67,66,Did not vote,Did not vote,
67,77,Not eligible for voting,Not eligible for voting,
67,88,No response/Refused to answer,No response/Refused to answer,
68,1,AITC (Trinamool Congress),AITC (Trinamool Congress),1.jpeg
68,2,BJP,BJP,2.jpg
68,3,INC (Congress),INC (Congress),3.jpg
68,12,Independent,Independent,
68,44,Others (specify),Others (specify),
68,55,NOTA,NOTA,
68,66,Did not vote,Did not vote,
68,77,Not eligible for voting,Not eligible for voting,
68,88,No response/Refused to answer,No response/Refused to answer,
69,1,AITC (Trinamool Congress),AITC (Trinamool Congress),1.jpeg
69,2,BJP,BJP,2.jpg
69,3,INC (Congress),INC (Congress),3.jpg
69,12,Independent,Independent,
69,44,Others (specify),Others (specify),
69,55,NOTA,NOTA,
69,66,Did not vote,Did not vote,
69,77,Not eligible for voting,Not eligible for voting,
69,88,No response/Refused to answer,No response/Refused to answer,
70,1,AITC (Trinamool Congress),AITC (Trinamool Congress),1.jpeg
70,2,BJP,BJP,2.jpg
70,3,INC (Congress),INC (Congress),3.jpg
70,12,Independent,Independent,
70,44,Others (specify),Others (specify),
70,55,NOTA,NOTA,
70,66,Did not vote,Did not vote,
70,77,Not eligible for voting,Not eligible for voting,
70,88,No response/Refused to answer,No response/Refused to answer,
71,1,AITC (Trinamool Congress),AITC (Trinamool Congress),1.jpeg
71,2,BJP,BJP,2.jpg
71,3,INC (Congress),INC (Congress),3.jpg
71,12,Independent,Independent,
71,44,Others (specify),Others (specify),
71,55,NOTA,NOTA,
71,66,Did not vote,Did not vote,
71,77,Not eligible for voting,Not eligible for voting,
71,88,No response/Refused to answer,No response/Refused to answer,
72,1,AITC (Trinamool Congress),AITC (Trinamool Congress),1.jpeg
72,2,BJP,BJP,2.jpg
72,3,INC (Congress),INC (Congress),3.jpg
72,12,Independent,Independent,
72,44,Others (specify),Others (specify),
72,55,NOTA,NOTA,
72,66,Did not vote,Did not vote,
72,77,Not eligible for voting,Not eligible for voting,
72,88,No response/Refused to answer,No response/Refused to answer,
73,1,AITC (Trinamool Congress),AITC (Trinamool Congress),1.jpeg
73,2,BJP,BJP,2.jpg
73,3,INC (Congress),INC (Congress),3.jpg
73,12,Independent,Independent,
73,44,Others (specify),Others (specify),
73,55,NOTA,NOTA,
73,66,Did not vote,Did not vote,
73,77,Not eligible for voting,Not eligible for voting,
73,88,No response/Refused to answer,No response/Refused to answer,
74,1,AITC (Trinamool Congress),AITC (Trinamool Congress),1.jpeg
74,2,BJP,BJP,2.jpg
74,3,INC (Congress),INC (Congress),3.jpg
74,12,Independent,Independent,
74,44,Others (specify),Others (specify),
74,55,NOTA,NOTA,
74,66,Did not vote,Did not vote,
74,77,Not eligible for voting,Not eligible for voting,
74,88,No response/Refused to answer,No response/Refused to answer,
75,1,AITC (Trinamool Congress),AITC (Trinamool Congress),1.jpeg
75,2,BJP,BJP,2.jpg
75,4,Left Front,Left Front,4.png
75,12,Independent,Independent,
75,44,Others (specify),Others (specify),
75,55,NOTA,NOTA,
75,66,Did not vote,Did not vote,
75,77,Not eligible for voting,Not eligible for voting,
75,88,No response/Refused to answer,No response/Refused to answer,
76,1,AITC (Trinamool Congress),AITC (Trinamool Congress),1.jpeg
76,2,BJP,BJP,2.jpg
76,4,Left Front,Left Front,4.png
76,12,Independent,Independent,
76,44,Others (specify),Others (specify),
76,55,NOTA,NOTA,
76,66,Did not vote,Did not vote,
76,77,Not eligible for voting,Not eligible for voting,
76,88,No response/Refused to answer,No response/Refused to answer,
77,1,AITC (Trinamool Congress),AITC (Trinamool Congress),1.jpeg
77,2,BJP,BJP,2.jpg
77,4,Left Front,Left Front,4.png
77,12,Independent,Independent,
77,44,Others (specify),Others (specify),
77,55,NOTA,NOTA,
77,66,Did not vote,Did not vote,
77,77,Not eligible for voting,Not eligible for voting,
77,88,No response/Refused to answer,No response/Refused to answer,
78,1,AITC (Trinamool Congress),AITC (Trinamool Congress),1.jpeg
78,2,BJP,BJP,2.jpg
78,4,Left Front,Left Front,4.png
78,12,Independent,Independent,
78,44,Others (specify),Others (specify),
78,55,NOTA,NOTA,
78,66,Did not vote,Did not vote,
78,77,Not eligible for voting,Not eligible for voting,
78,88,No response/Refused to answer,No response/Refused to answer,
79,1,AITC (Trinamool Congress),AITC (Trinamool Congress),1.jpeg
79,2,BJP,BJP,2.jpg
79,4,Left Front,Left Front,4.png
79,12,Independent,Independent,
79,44,Others (specify),Others (specify),
79,55,NOTA,NOTA,
79,66,Did not vote,Did not vote,
79,77,Not eligible for voting,Not eligible for voting,
79,88,No response/Refused to answer,No response/Refused to answer,
80,1,AITC (Trinamool Congress),AITC (Trinamool Congress),1.jpeg
80,2,BJP,BJP,2.jpg
80,3,INC (Congress),INC (Congress),3.jpg
80,12,Independent,Independent,
80,44,Others (specify),Others (specify),
80,55,NOTA,NOTA,
80,66,Did not vote,Did not vote,
80,77,Not eligible for voting,Not eligible for voting,
80,88,No response/Refused to answer,No response/Refused to answer,
81,1,AITC (Trinamool Congress),AITC (Trinamool Congress),1.jpeg
81,2,BJP,BJP,2.jpg
81,4,Left Front,Left Front,4.png
81,12,Independent,Independent,
81,44,Others (specify),Others (specify),
81,55,NOTA,NOTA,
81,66,Did not vote,Did not vote,
81,77,Not eligible for voting,Not eligible for voting,
81,88,No response/Refused to answer,No response/Refused to answer,
82,1,AITC (Trinamool Congress),AITC (Trinamool Congress),1.jpeg
82,2,BJP,BJP,2.jpg
82,4,Left Front,Left Front,4.png
82,12,Independent,Independent,
82,44,Others (specify),Others (specify),
82,55,NOTA,NOTA,
82,66,Did not vote,Did not vote,
82,77,Not eligible for voting,Not eligible for voting,
82,88,No response/Refused to answer,No response/Refused to answer,
83,1,AITC (Trinamool Congress),AITC (Trinamool Congress),1.jpeg
83,2,BJP,BJP,2.jpg
83,3,INC (Congress),INC (Congress),3.jpg
83,12,Independent,Independent,
83,44,Others (specify),Others (specify),
83,55,NOTA,NOTA,
83,66,Did not vote,Did not vote,
83,77,Not eligible for voting,Not eligible for voting,
83,88,No response/Refused to answer,No response/Refused to answer,
84,1,AITC (Trinamool Congress),AITC (Trinamool Congress),1.jpeg
84,2,BJP,BJP,2.jpg
84,4,Left Front,Left Front,4.png
84,12,Independent,Independent,
84,44,Others (specify),Others (specify),
84,55,NOTA,NOTA,
84,66,Did not vote,Did not vote,
84,77,Not eligible for voting,Not eligible for voting,
84,88,No response/Refused to answer,No response/Refused to answer,
85,1,AITC (Trinamool Congress),AITC (Trinamool Congress),1.jpeg
85,2,BJP,BJP,2.jpg
85,4,Left Front,Left Front,4.png
85,12,Independent,Independent,
85,44,Others (specify),Others (specify),
85,55,NOTA,NOTA,
85,66,Did not vote,Did not vote,
85,77,Not eligible for voting,Not eligible for voting,
85,88,No response/Refused to answer,No response/Refused to answer,
86,1,AITC (Trinamool Congress),AITC (Trinamool Congress),1.jpeg
86,2,BJP,BJP,2.jpg
86,3,INC (Congress),INC (Congress),3.jpg
86,12,Independent,Independent,
86,44,Others (specify),Others (specify),
86,55,NOTA,NOTA,
86,66,Did not vote,Did not vote,
86,77,Not eligible for voting,Not eligible for voting,
86,88,No response/Refused to answer,No response/Refused to answer,
87,1,AITC (Trinamool Congress),AITC (Trinamool Congress),1.jpeg
87,2,BJP,BJP,2.jpg
87,3,INC (Congress),INC (Congress),3.jpg
87,12,Independent,Independent,
87,44,Others (specify),Others (specify),
87,55,NOTA,NOTA,
87,66,Did not vote,Did not vote,
87,77,Not eligible for voting,Not eligible for voting,
87,88,No response/Refused to answer,No response/Refused to answer,
88,1,AITC (Trinamool Congress),AITC (Trinamool Congress),1.jpeg
88,2,BJP,BJP,2.jpg
88,4,Left Front,Left Front,4.png
88,12,Independent,Independent,
88,44,Others (specify),Others (specify),
88,55,NOTA,NOTA,
88,66,Did not vote,Did not vote,
88,77,Not eligible for voting,Not eligible for voting,
88,88,No response/Refused to answer,No response/Refused to answer,
89,1,AITC (Trinamool Congress),AITC (Trinamool Congress),1.jpeg
89,2,BJP,BJP,2.jpg
89,12,Independent,Independent,
89,44,Others (specify),Others (specify),
89,55,NOTA,NOTA,
89,66,Did not vote,Did not vote,
89,77,Not eligible for voting,Not eligible for voting,
89,88,No response/Refused to answer,No response/Refused to answer,
90,1,AITC (Trinamool Congress),AITC (Trinamool Congress),1.jpeg
90,2,BJP,BJP,2.jpg
90,4,Left Front,Left Front,4.png
90,12,Independent,Independent,
90,44,Others (specify),Others (specify),
90,55,NOTA,NOTA,
90,66,Did not vote,Did not vote,
90,77,Not eligible for voting,Not eligible for voting,
90,88,No response/Refused to answer,No response/Refused to answer,
91,1,AITC (Trinamool Congress),AITC (Trinamool Congress),1.jpeg
91,2,BJP,BJP,2.jpg
91,4,Left Front,Left Front,4.png
91,12,Independent,Independent,
91,44,Others (specify),Others (specify),
91,55,NOTA,NOTA,
91,66,Did not vote,Did not vote,
91,77,Not eligible for voting,Not eligible for voting,
91,88,No response/Refused to answer,No response/Refused to answer,
92,1,AITC (Trinamool Congress),AITC (Trinamool Congress),1.jpeg
92,2,BJP,BJP,2.jpg
92,4,Left Front,Left Front,4.png
92,12,Independent,Independent,
92,44,Others (specify),Others (specify),
92,55,NOTA,NOTA,
92,66,Did not vote,Did not vote,
92,77,Not eligible for voting,Not eligible for voting,
92,88,No response/Refused to answer,No response/Refused to answer,
93,1,AITC (Trinamool Congress),AITC (Trinamool Congress),1.jpeg
93,2,BJP,BJP,2.jpg
93,4,Left Front,Left Front,4.png
93,12,Independent,Independent,
93,44,Others (specify),Others (specify),
93,55,NOTA,NOTA,
93,66,Did not vote,Did not vote,
93,77,Not eligible for voting,Not eligible for voting,
93,88,No response/Refused to answer,No response/Refused to answer,
94,1,AITC (Trinamool Congress),AITC (Trinamool Congress),1.jpeg
94,2,BJP,BJP,2.jpg
94,3,INC (Congress),INC (Congress),3.jpg
94,12,Independent,Independent,
94,44,Others (specify),Others (specify),
94,55,NOTA,NOTA,
94,66,Did not vote,Did not vote,
94,77,Not eligible for voting,Not eligible for voting,
94,88,No response/Refused to answer,No response/Refused to answer,
95,1,AITC (Trinamool Congress),AITC (Trinamool Congress),1.jpeg
95,2,BJP,BJP,2.jpg
95,4,Left Front,Left Front,4.png
95,12,Independent,Independent,
95,44,Others (specify),Others (specify),
95,55,NOTA,NOTA,
95,66,Did not vote,Did not vote,
95,77,Not eligible for voting,Not eligible for voting,
95,88,No response/Refused to answer,No response/Refused to answer,
96,1,AITC (Trinamool Congress),AITC (Trinamool Congress),1.jpeg
96,2,BJP,BJP,2.jpg
96,4,Left Front,Left Front,4.png
96,12,Independent,Independent,
96,44,Others (specify),Others (specify),
96,55,NOTA,NOTA,
96,66,Did not vote,Did not vote,
96,77,Not eligible for voting,Not eligible for voting,
96,88,No response/Refused to answer,No response/Refused to answer,
97,1,AITC (Trinamool Congress),AITC (Trinamool Congress),1.jpeg
97,2,BJP,BJP,2.jpg
97,4,Left Front,Left Front,4.png
97,12,Independent,Independent,
97,44,Others (specify),Others (specify),
97,55,NOTA,NOTA,
97,66,Did not vote,Did not vote,
97,77,Not eligible for voting,Not eligible for voting,
97,88,No response/Refused to answer,No response/Refused to answer,
98,1,AITC (Trinamool Congress),AITC (Trinamool Congress),1.jpeg
98,2,BJP,BJP,2.jpg
98,4,Left Front,Left Front,4.png
98,12,Independent,Independent,
98,44,Others (specify),Others (specify),
98,55,NOTA,NOTA,
98,66,Did not vote,Did not vote,
98,77,Not eligible for voting,Not eligible for voting,
98,88,No response/Refused to answer,No response/Refused to answer,
99,1,AITC (Trinamool Congress),AITC (Trinamool Congress),1.jpeg
99,2,BJP,BJP,2.jpg
99,3,INC (Congress),INC (Congress),3.jpg
99,12,Independent,Independent,
99,44,Others (specify),Others (specify),
99,55,NOTA,NOTA,
99,66,Did not vote,Did not vote,
99,77,Not eligible for voting,Not eligible for voting,
99,88,No response/Refused to answer,No response/Refused to answer,
100,1,AITC (Trinamool Congress),AITC (Trinamool Congress),1.jpeg
100,2,BJP,BJP,2.jpg
100,4,Left Front,Left Front,4.png
100,12,Independent,Independent,
100,44,Others (specify),Others (specify),
100,55,NOTA,NOTA,
100,66,Did not vote,Did not vote,
100,77,Not eligible for voting,Not eligible for voting,
100,88,No response/Refused to answer,No response/Refused to answer,
101,1,AITC (Trinamool Congress),AITC (Trinamool Congress),1.jpeg
101,2,BJP,BJP,2.jpg
101,12,Independent,Independent,
101,44,Others (specify),Others (specify),
101,55,NOTA,NOTA,
101,66,Did not vote,Did not vote,
101,77,Not eligible for voting,Not eligible for voting,
101,88,No response/Refused to answer,No response/Refused to answer,
102,1,AITC (Trinamool Congress),AITC (Trinamool Congress),1.jpeg
102,2,BJP,BJP,2.jpg
102,12,Independent,Independent,
102,44,Others (specify),Others (specify),
102,55,NOTA,NOTA,
102,66,Did not vote,Did not vote,
102,77,Not eligible for voting,Not eligible for voting,
102,88,No response/Refused to answer,No response/Refused to answer,
103,1,AITC (Trinamool Congress),AITC (Trinamool Congress),1.jpeg
103,2,BJP,BJP,2.jpg
103,4,Left Front,Left Front,4.png
103,12,Independent,Independent,
103,44,Others (specify),Others (specify),
103,55,NOTA,NOTA,
103,66,Did not vote,Did not vote,
103,77,Not eligible for voting,Not eligible for voting,
103,88,No response/Refused to answer,No response/Refused to answer,
104,1,AITC (Trinamool Congress),AITC (Trinamool Congress),1.jpeg
104,2,BJP,BJP,2.jpg
104,4,Left Front,Left Front,4.png
104,12,Independent,Independent,
104,44,Others (specify),Others (specify),
104,55,NOTA,NOTA,
104,66,Did not vote,Did not vote,
104,77,Not eligible for voting,Not eligible for voting,
104,88,No response/Refused to answer,No response/Refused to answer,
105,1,AITC (Trinamool Congress),AITC (Trinamool Congress),1.jpeg
105,2,BJP,BJP,2.jpg
105,3,INC (Congress),INC (Congress),3.jpg
105,12,Independent,Independent,
105,44,Others (specify),Others (specify),
105,55,NOTA,NOTA,
105,66,Did not vote,Did not vote,
105,77,Not eligible for voting,Not eligible for voting,
105,88,No response/Refused to answer,No response/Refused to answer,
106,1,AITC (Trinamool Congress),AITC (Trinamool Congress),1.jpeg
106,2,BJP,BJP,2.jpg
106,4,Left Front,Left Front,4.png
106,12,Independent,Independent,
106,44,Others (specify),Others (specify),
106,55,NOTA,NOTA,
106,66,Did not vote,Did not vote,
106,77,Not eligible for voting,Not eligible for voting,
106,88,No response/Refused to answer,No response/Refused to answer,
107,1,AITC (Trinamool Congress),AITC (Trinamool Congress),1.jpeg
107,2,BJP,BJP,2.jpg
107,3,INC (Congress),INC (Congress),3.jpg
107,12,Independent,Independent,
107,44,Others (specify),Others (specify),
107,55,NOTA,NOTA,
107,66,Did not vote,Did not vote,
107,77,Not eligible for voting,Not eligible for voting,
107,88,No response/Refused to answer,No response/Refused to answer,
108,1,AITC (Trinamool Congress),AITC (Trinamool Congress),1.jpeg
108,2,BJP,BJP,2.jpg
108,4,Left Front,Left Front,4.png
108,12,Independent,Independent,
108,44,Others (specify),Others (specify),
108,55,NOTA,NOTA,
108,66,Did not vote,Did not vote,
108,77,Not eligible for voting,Not eligible for voting,
108,88,No response/Refused to answer,No response/Refused to answer,
109,1,AITC (Trinamool Congress),AITC (Trinamool Congress),1.jpeg
109,2,BJP,BJP,2.jpg
109,4,Left Front,Left Front,4.png
109,12,Independent,Independent,
109,44,Others (specify),Others (specify),
109,55,NOTA,NOTA,
109,66,Did not vote,Did not vote,
109,77,Not eligible for voting,Not eligible for voting,
109,88,No response/Refused to answer,No response/Refused to answer,
110,1,AITC (Trinamool Congress),AITC (Trinamool Congress),1.jpeg
110,2,BJP,BJP,2.jpg
110,4,Left Front,Left Front,4.png
110,12,Independent,Independent,
110,44,Others (specify),Others (specify),
110,55,NOTA,NOTA,
110,66,Did not vote,Did not vote,
110,77,Not eligible for voting,Not eligible for voting,
110,88,No response/Refused to answer,No response/Refused to answer,
111,1,AITC (Trinamool Congress),AITC (Trinamool Congress),1.jpeg
111,2,BJP,BJP,2.jpg
111,3,INC (Congress),INC (Congress),3.jpg
111,12,Independent,Independent,
111,44,Others (specify),Others (specify),
111,55,NOTA,NOTA,
111,66,Did not vote,Did not vote,
111,77,Not eligible for voting,Not eligible for voting,
111,88,No response/Refused to answer,No response/Refused to answer,
112,1,AITC (Trinamool Congress),AITC (Trinamool Congress),1.jpeg
112,2,BJP,BJP,2.jpg
112,4,Left Front,Left Front,4.png
112,12,Independent,Independent,
112,44,Others (specify),Others (specify),
112,55,NOTA,NOTA,
112,66,Did not vote,Did not vote,
112,77,Not eligible for voting,Not eligible for voting,
112,88,No response/Refused to answer,No response/Refused to answer,
113,1,AITC (Trinamool Congress),AITC (Trinamool Congress),1.jpeg
113,2,BJP,BJP,2.jpg
113,3,INC (Congress),INC (Congress),3.jpg
113,12,Independent,Independent,
113,44,Others (specify),Others (specify),
113,55,NOTA,NOTA,
113,66,Did not vote,Did not vote,
113,77,Not eligible for voting,Not eligible for voting,
113,88,No response/Refused to answer,No response/Refused to answer,
114,1,AITC (Trinamool Congress),AITC (Trinamool Congress),1.jpeg
114,2,BJP,BJP,2.jpg
114,4,Left Front,Left Front,4.png
114,12,Independent,Independent,
114,44,Others (specify),Others (specify),
114,55,NOTA,NOTA,
114,66,Did not vote,Did not vote,
114,77,Not eligible for voting,Not eligible for voting,
114,88,No response/Refused to answer,No response/Refused to answer,
115,1,AITC (Trinamool Congress),AITC (Trinamool Congress),1.jpeg
115,2,BJP,BJP,2.jpg
115,4,Left Front,Left Front,4.png
115,12,Independent,Independent,
115,44,Others (specify),Others (specify),
115,55,NOTA,NOTA,
115,66,Did not vote,Did not vote,
115,77,Not eligible for voting,Not eligible for voting,
115,88,No response/Refused to answer,No response/Refused to answer,
116,1,AITC (Trinamool Congress),AITC (Trinamool Congress),1.jpeg
116,2,BJP,BJP,2.jpg
116,3,INC (Congress),INC (Congress),3.jpg
116,12,Independent,Independent,
116,44,Others (specify),Others (specify),
116,55,NOTA,NOTA,
116,66,Did not vote,Did not vote,
116,77,Not eligible for voting,Not eligible for voting,
116,88,No response/Refused to answer,No response/Refused to answer,
117,1,AITC (Trinamool Congress),AITC (Trinamool Congress),1.jpeg
117,2,BJP,BJP,2.jpg
117,4,Left Front,Left Front,4.png
117,12,Independent,Independent,
117,44,Others (specify),Others (specify),
117,55,NOTA,NOTA,
117,66,Did not vote,Did not vote,
117,77,Not eligible for voting,Not eligible for voting,
117,88,No response/Refused to answer,No response/Refused to answer,
118,1,AITC (Trinamool Congress),AITC (Trinamool Congress),1.jpeg
118,2,BJP,BJP,2.jpg
118,12,Independent,Independent,
118,44,Others (specify),Others (specify),
118,55,NOTA,NOTA,
118,66,Did not vote,Did not vote,
118,77,Not eligible for voting,Not eligible for voting,
118,88,No response/Refused to answer,No response/Refused to answer,
119,1,AITC (Trinamool Congress),AITC (Trinamool Congress),1.jpeg
119,2,BJP,BJP,2.jpg
119,4,Left Front,Left Front,4.png
119,12,Independent,Independent,
119,44,Others (specify),Others (specify),
119,55,NOTA,NOTA,
119,66,Did not vote,Did not vote,
119,77,Not eligible for voting,Not eligible for voting,
119,88,No response/Refused to answer,No response/Refused to answer,
120,1,AITC (Trinamool Congress),AITC (Trinamool Congress),1.jpeg
120,2,BJP,BJP,2.jpg
120,4,Left Front,Left Front,4.png
120,12,Independent,Independent,
120,44,Others (specify),Others (specify),
120,55,NOTA,NOTA,
120,66,Did not vote,Did not vote,
120,77,Not eligible for voting,Not eligible for voting,
120,88,No response/Refused to answer,No response/Refused to answer,
121,1,AITC (Trinamool Congress),AITC (Trinamool Congress),1.jpeg
121,2,BJP,BJP,2.jpg
121,12,Independent,Independent,
121,44,Others (specify),Others (specify),
121,55,NOTA,NOTA,
121,66,Did not vote,Did not vote,
121,77,Not eligible for voting,Not eligible for voting,
121,88,No response/Refused to answer,No response/Refused to answer,
122,1,AITC (Trinamool Congress),AITC (Trinamool Congress),1.jpeg
122,2,BJP,BJP,2.jpg
122,4,Left Front,Left Front,4.png
122,12,Independent,Independent,
122,44,Others (specify),Others (specify),
122,55,NOTA,NOTA,
122,66,Did not vote,Did not vote,
122,77,Not eligible for voting,Not eligible for voting,
122,88,No response/Refused to answer,No response/Refused to answer,
123,1,AITC (Trinamool Congress),AITC (Trinamool Congress),1.jpeg
123,2,BJP,BJP,2.jpg
123,12,Independent,Independent,
123,44,Others (specify),Others (specify),
123,55,NOTA,NOTA,
123,66,Did not vote,Did not vote,
123,77,Not eligible for voting,Not eligible for voting,
123,88,No response/Refused to answer,No response/Refused to answer,
124,1,AITC (Trinamool Congress),AITC (Trinamool Congress),1.jpeg
124,2,BJP,BJP,2.jpg
124,3,INC (Congress),INC (Congress),3.jpg
124,12,Independent,Independent,
124,44,Others (specify),Others (specify),
124,55,NOTA,NOTA,
124,66,Did not vote,Did not vote,
124,77,Not eligible for voting,Not eligible for voting,
124,88,No response/Refused to answer,No response/Refused to answer,
125,1,AITC (Trinamool Congress),AITC (Trinamool Congress),1.jpeg
125,2,BJP,BJP,2.jpg
125,12,Independent,Independent,
125,44,Others (specify),Others (specify),
125,55,NOTA,NOTA,
125,66,Did not vote,Did not vote,
125,77,Not eligible for voting,Not eligible for voting,
125,88,No response/Refused to answer,No response/Refused to answer,
126,1,AITC (Trinamool Congress),AITC (Trinamool Congress),1.jpeg
126,2,BJP,BJP,2.jpg
126,4,Left Front,Left Front,4.png
126,12,Independent,Independent,
126,44,Others (specify),Others (specify),
126,55,NOTA,NOTA,
126,66,Did not vote,Did not vote,
126,77,Not eligible for voting,Not eligible for voting,
126,88,No response/Refused to answer,No response/Refused to answer,
127,1,AITC (Trinamool Congress),AITC (Trinamool Congress),1.jpeg
127,2,BJP,BJP,2.jpg
127,4,Left Front,Left Front,4.png
127,12,Independent,Independent,
127,44,Others (specify),Others (specify),
127,55,NOTA,NOTA,
127,66,Did not vote,Did not vote,
127,77,Not eligible for voting,Not eligible for voting,
127,88,No response/Refused to answer,No response/Refused to answer,
128,1,AITC (Trinamool Congress),AITC (Trinamool Congress),1.jpeg
128,2,BJP,BJP,2.jpg
128,4,Left Front,Left Front,4.png
128,12,Independent,Independent,
128,44,Others (specify),Others (specify),
128,55,NOTA,NOTA,
128,66,Did not vote,Did not vote,
128,77,Not eligible for voting,Not eligible for voting,
128,88,No response/Refused to answer,No response/Refused to answer,
129,1,AITC (Trinamool Congress),AITC (Trinamool Congress),1.jpeg
129,2,BJP,BJP,2.jpg
129,4,Left Front,Left Front,4.png
129,12,Independent,Independent,
129,44,Others (specify),Others (specify),
129,55,NOTA,NOTA,
129,66,Did not vote,Did not vote,
129,77,Not eligible for voting,Not eligible for voting,
129,88,No response/Refused to answer,No response/Refused to answer,
130,1,AITC (Trinamool Congress),AITC (Trinamool Congress),1.jpeg
130,2,BJP,BJP,2.jpg
130,3,INC (Congress),INC (Congress),3.jpg
130,12,Independent,Independent,
130,44,Others (specify),Others (specify),
130,55,NOTA,NOTA,
130,66,Did not vote,Did not vote,
130,77,Not eligible for voting,Not eligible for voting,
130,88,No response/Refused to answer,No response/Refused to answer,
131,1,AITC (Trinamool Congress),AITC (Trinamool Congress),1.jpeg
131,2,BJP,BJP,2.jpg
131,3,INC (Congress),INC (Congress),3.jpg
131,12,Independent,Independent,
131,44,Others (specify),Others (specify),
131,55,NOTA,NOTA,
131,66,Did not vote,Did not vote,
131,77,Not eligible for voting,Not eligible for voting,
131,88,No response/Refused to answer,No response/Refused to answer,
132,1,AITC (Trinamool Congress),AITC (Trinamool Congress),1.jpeg
132,2,BJP,BJP,2.jpg
132,4,Left Front,Left Front,4.png
132,12,Independent,Independent,
132,44,Others (specify),Others (specify),
132,55,NOTA,NOTA,
132,66,Did not vote,Did not vote,
132,77,Not eligible for voting,Not eligible for voting,
132,88,No response/Refused to answer,No response/Refused to answer,
133,1,AITC (Trinamool Congress),AITC (Trinamool Congress),1.jpeg
133,2,BJP,BJP,2.jpg
133,12,Independent,Independent,
133,44,Others (specify),Others (specify),
133,55,NOTA,NOTA,
133,66,Did not vote,Did not vote,
133,77,Not eligible for voting,Not eligible for voting,
133,88,No response/Refused to answer,No response/Refused to answer,
134,1,AITC (Trinamool Congress),AITC (Trinamool Congress),1.jpeg
134,2,BJP,BJP,2.jpg
134,4,Left Front,Left Front,4.png
134,12,Independent,Independent,
134,44,Others (specify),Others (specify),
134,55,NOTA,NOTA,
134,66,Did not vote,Did not vote,
134,77,Not eligible for voting,Not eligible for voting,
134,88,No response/Refused to answer,No response/Refused to answer,
135,1,AITC (Trinamool Congress),AITC (Trinamool Congress),1.jpeg
135,2,BJP,BJP,2.jpg
135,12,Independent,Independent,
135,44,Others (specify),Others (specify),
135,55,NOTA,NOTA,
135,66,Did not vote,Did not vote,
135,77,Not eligible for voting,Not eligible for voting,
135,88,No response/Refused to answer,No response/Refused to answer,
136,1,AITC (Trinamool Congress),AITC (Trinamool Congress),1.jpeg
136,2,BJP,BJP,2.jpg
136,4,Left Front,Left Front,4.png
136,12,Independent,Independent,
136,44,Others (specify),Others (specify),
136,55,NOTA,NOTA,
136,66,Did not vote,Did not vote,
136,77,Not eligible for voting,Not eligible for voting,
136,88,No response/Refused to answer,No response/Refused to answer,
137,1,AITC (Trinamool Congress),AITC (Trinamool Congress),1.jpeg
137,2,BJP,BJP,2.jpg
137,4,Left Front,Left Front,4.png
137,12,Independent,Independent,
137,44,Others (specify),Others (specify),
137,55,NOTA,NOTA,
137,66,Did not vote,Did not vote,
137,77,Not eligible for voting,Not eligible for voting,
137,88,No response/Refused to answer,No response/Refused to answer,
138,1,AITC (Trinamool Congress),AITC (Trinamool Congress),1.jpeg
138,2,BJP,BJP,2.jpg
138,3,INC (Congress),INC (Congress),3.jpg
138,12,Independent,Independent,
138,44,Others (specify),Others (specify),
138,55,NOTA,NOTA,
138,66,Did not vote,Did not vote,
138,77,Not eligible for voting,Not eligible for voting,
138,88,No response/Refused to answer,No response/Refused to answer,
139,1,AITC (Trinamool Congress),AITC (Trinamool Congress),1.jpeg
139,2,BJP,BJP,2.jpg
139,12,Independent,Independent,
139,44,Others (specify),Others (specify),
139,55,NOTA,NOTA,
139,66,Did not vote,Did not vote,
139,77,Not eligible for voting,Not eligible for voting,
139,88,No response/Refused to answer,No response/Refused to answer,
140,1,AITC (Trinamool Congress),AITC (Trinamool Congress),1.jpeg
140,2,BJP,BJP,2.jpg
140,4,Left Front,Left Front,4.png
140,12,Independent,Independent,
140,44,Others (specify),Others (specify),
140,55,NOTA,NOTA,
140,66,Did not vote,Did not vote,
140,77,Not eligible for voting,Not eligible for voting,
140,88,No response/Refused to answer,No response/Refused to answer,
141,1,AITC (Trinamool Congress),AITC (Trinamool Congress),1.jpeg
141,2,BJP,BJP,2.jpg
141,4,Left Front,Left Front,4.png
141,12,Independent,Independent,
141,44,Others (specify),Others (specify),
141,55,NOTA,NOTA,
141,66,Did not vote,Did not vote,
141,77,Not eligible for voting,Not eligible for voting,
141,88,No response/Refused to answer,No response/Refused to answer,
142,1,AITC (Trinamool Congress),AITC (Trinamool Congress),1.jpeg
142,2,BJP,BJP,2.jpg
142,12,Independent,Independent,
142,44,Others (specify),Others (specify),
142,55,NOTA,NOTA,
142,66,Did not vote,Did not vote,
142,77,Not eligible for voting,Not eligible for voting,
142,88,No response/Refused to answer,No response/Refused to answer,
143,1,AITC (Trinamool Congress),AITC (Trinamool Congress),1.jpeg
143,2,BJP,BJP,2.jpg
143,4,Left Front,Left Front,4.png
143,12,Independent,Independent,
143,44,Others (specify),Others (specify),
143,55,NOTA,NOTA,
143,66,Did not vote,Did not vote,
143,77,Not eligible for voting,Not eligible for voting,
143,88,No response/Refused to answer,No response/Refused to answer,
144,1,AITC (Trinamool Congress),AITC (Trinamool Congress),1.jpeg
144,2,BJP,BJP,2.jpg
144,3,INC (Congress),INC (Congress),3.jpg
144,12,Independent,Independent,
144,44,Others (specify),Others (specify),
144,55,NOTA,NOTA,
144,66,Did not vote,Did not vote,
144,77,Not eligible for voting,Not eligible for voting,
144,88,No response/Refused to answer,No response/Refused to answer,
145,1,AITC (Trinamool Congress),AITC (Trinamool Congress),1.jpeg
145,2,BJP,BJP,2.jpg
145,4,Left Front,Left Front,4.png
145,12,Independent,Independent,
145,44,Others (specify),Others (specify),
145,55,NOTA,NOTA,
145,66,Did not vote,Did not vote,
145,77,Not eligible for voting,Not eligible for voting,
145,88,No response/Refused to answer,No response/Refused to answer,
146,1,AITC (Trinamool Congress),AITC (Trinamool Congress),1.jpeg
146,2,BJP,BJP,2.jpg
146,4,Left Front,Left Front,4.png
146,12,Independent,Independent,
146,44,Others (specify),Others (specify),
146,55,NOTA,NOTA,
146,66,Did not vote,Did not vote,
146,77,Not eligible for voting,Not eligible for voting,
146,88,No response/Refused to answer,No response/Refused to answer,
147,1,AITC (Trinamool Congress),AITC (Trinamool Congress),1.jpeg
147,2,BJP,BJP,2.jpg
147,4,Left Front,Left Front,4.png
147,12,Independent,Independent,
147,44,Others (specify),Others (specify),
147,55,NOTA,NOTA,
147,66,Did not vote,Did not vote,
147,77,Not eligible for voting,Not eligible for voting,
147,88,No response/Refused to answer,No response/Refused to answer,
148,1,AITC (Trinamool Congress),AITC (Trinamool Congress),1.jpeg
148,2,BJP,BJP,2.jpg
148,12,Independent,Independent,
148,44,Others (specify),Others (specify),
148,55,NOTA,NOTA,
148,66,Did not vote,Did not vote,
148,77,Not eligible for voting,Not eligible for voting,
148,88,No response/Refused to answer,No response/Refused to answer,
149,1,AITC (Trinamool Congress),AITC (Trinamool Congress),1.jpeg
149,2,BJP,BJP,2.jpg
149,4,Left Front,Left Front,4.png
149,12,Independent,Independent,
149,44,Others (specify),Others (specify),
149,55,NOTA,NOTA,
149,66,Did not vote,Did not vote,
149,77,Not eligible for voting,Not eligible for voting,
149,88,No response/Refused to answer,No response/Refused to answer,
150,1,AITC (Trinamool Congress),AITC (Trinamool Congress),1.jpeg
150,2,BJP,BJP,2.jpg
150,4,Left Front,Left Front,4.png
150,12,Independent,Independent,
150,44,Others (specify),Others (specify),
150,55,NOTA,NOTA,
150,66,Did not vote,Did not vote,
150,77,Not eligible for voting,Not eligible for voting,
150,88,No response/Refused to answer,No response/Refused to answer,
151,1,AITC (Trinamool Congress),AITC (Trinamool Congress),1.jpeg
151,2,BJP,BJP,2.jpg
151,4,Left Front,Left Front,4.png
151,12,Independent,Independent,
151,44,Others (specify),Others (specify),
151,55,NOTA,NOTA,
151,66,Did not vote,Did not vote,
151,77,Not eligible for voting,Not eligible for voting,
151,88,No response/Refused to answer,No response/Refused to answer,
152,1,AITC (Trinamool Congress),AITC (Trinamool Congress),1.jpeg
152,2,BJP,BJP,2.jpg
152,4,Left Front,Left Front,4.png
152,12,Independent,Independent,
152,44,Others (specify),Others (specify),
152,55,NOTA,NOTA,
152,66,Did not vote,Did not vote,
152,77,Not eligible for voting,Not eligible for voting,
152,88,No response/Refused to answer,No response/Refused to answer,
153,1,AITC (Trinamool Congress),AITC (Trinamool Congress),1.jpeg
153,2,BJP,BJP,2.jpg
153,4,Left Front,Left Front,4.png
153,12,Independent,Independent,
153,44,Others (specify),Others (specify),
153,55,NOTA,NOTA,
153,66,Did not vote,Did not vote,
153,77,Not eligible for voting,Not eligible for voting,
153,88,No response/Refused to answer,No response/Refused to answer,
154,1,AITC (Trinamool Congress),AITC (Trinamool Congress),1.jpeg
154,2,BJP,BJP,2.jpg
154,4,Left Front,Left Front,4.png
154,12,Independent,Independent,
154,44,Others (specify),Others (specify),
154,55,NOTA,NOTA,
154,66,Did not vote,Did not vote,
154,77,Not eligible for voting,Not eligible for voting,
154,88,No response/Refused to answer,No response/Refused to answer,
155,1,AITC (Trinamool Congress),AITC (Trinamool Congress),1.jpeg
155,2,BJP,BJP,2.jpg
155,4,Left Front,Left Front,4.png
155,12,Independent,Independent,
155,44,Others (specify),Others (specify),
155,55,NOTA,NOTA,
155,66,Did not vote,Did not vote,
155,77,Not eligible for voting,Not eligible for voting,
155,88,No response/Refused to answer,No response/Refused to answer,
156,1,AITC (Trinamool Congress),AITC (Trinamool Congress),1.jpeg
156,2,BJP,BJP,2.jpg
156,3,INC (Congress),INC (Congress),3.jpg
156,12,Independent,Independent,
156,44,Others (specify),Others (specify),
156,55,NOTA,NOTA,
156,66,Did not vote,Did not vote,
156,77,Not eligible for voting,Not eligible for voting,
156,88,No response/Refused to answer,No response/Refused to answer,
157,1,AITC (Trinamool Congress),AITC (Trinamool Congress),1.jpeg
157,2,BJP,BJP,2.jpg
157,12,Independent,Independent,
157,44,Others (specify),Others (specify),
157,55,NOTA,NOTA,
157,66,Did not vote,Did not vote,
157,77,Not eligible for voting,Not eligible for voting,
157,88,No response/Refused to answer,No response/Refused to answer,
158,1,AITC (Trinamool Congress),AITC (Trinamool Congress),1.jpeg
158,2,BJP,BJP,2.jpg
158,3,INC (Congress),INC (Congress),3.jpg
158,12,Independent,Independent,
158,44,Others (specify),Others (specify),
158,55,NOTA,NOTA,
158,66,Did not vote,Did not vote,
158,77,Not eligible for voting,Not eligible for voting,
158,88,No response/Refused to answer,No response/Refused to answer,
159,1,AITC (Trinamool Congress),AITC (Trinamool Congress),1.jpeg
159,2,BJP,BJP,2.jpg
159,3,INC (Congress),INC (Congress),3.jpg
159,12,Independent,Independent,
159,44,Others (specify),Others (specify),
159,55,NOTA,NOTA,
159,66,Did not vote,Did not vote,
159,77,Not eligible for voting,Not eligible for voting,
159,88,No response/Refused to answer,No response/Refused to answer,
160,1,AITC (Trinamool Congress),AITC (Trinamool Congress),1.jpeg
160,2,BJP,BJP,2.jpg
160,3,INC (Congress),INC (Congress),3.jpg
160,12,Independent,Independent,
160,44,Others (specify),Others (specify),
160,55,NOTA,NOTA,
160,66,Did not vote,Did not vote,
160,77,Not eligible for voting,Not eligible for voting,
160,88,No response/Refused to answer,No response/Refused to answer,
161,1,AITC (Trinamool Congress),AITC (Trinamool Congress),1.jpeg
161,2,BJP,BJP,2.jpg
161,4,Left Front,Left Front,4.png
161,12,Independent,Independent,
161,44,Others (specify),Others (specify),
161,55,NOTA,NOTA,
161,66,Did not vote,Did not vote,
161,77,Not eligible for voting,Not eligible for voting,
161,88,No response/Refused to answer,No response/Refused to answer,
162,1,AITC (Trinamool Congress),AITC (Trinamool Congress),1.jpeg
162,2,BJP,BJP,2.jpg
162,3,INC (Congress),INC (Congress),3.jpg
162,12,Independent,Independent,
162,44,Others (specify),Others (specify),
162,55,NOTA,NOTA,
162,66,Did not vote,Did not vote,
162,77,Not eligible for voting,Not eligible for voting,
162,88,No response/Refused to answer,No response/Refused to answer,
163,1,AITC (Trinamool Congress),AITC (Trinamool Congress),1.jpeg
163,2,BJP,BJP,2.jpg
163,12,Independent,Independent,
163,44,Others (specify),Others (specify),
163,55,NOTA,NOTA,
163,66,Did not vote,Did not vote,
163,77,Not eligible for voting,Not eligible for voting,
163,88,No response/Refused to answer,No response/Refused to answer,
164,1,AITC (Trinamool Congress),AITC (Trinamool Congress),1.jpeg
164,2,BJP,BJP,2.jpg
164,4,Left Front,Left Front,4.png
164,12,Independent,Independent,
164,44,Others (specify),Others (specify),
164,55,NOTA,NOTA,
164,66,Did not vote,Did not vote,
164,77,Not eligible for voting,Not eligible for voting,
164,88,No response/Refused to answer,No response/Refused to answer,
165,1,AITC (Trinamool Congress),AITC (Trinamool Congress),1.jpeg
165,2,BJP,BJP,2.jpg
165,3,INC (Congress),INC (Congress),3.jpg
165,12,Independent,Independent,
165,44,Others (specify),Others (specify),
165,55,NOTA,NOTA,
165,66,Did not vote,Did not vote,
165,77,Not eligible for voting,Not eligible for voting,
165,88,No response/Refused to answer,No response/Refused to answer,
166,1,AITC (Trinamool Congress),AITC (Trinamool Congress),1.jpeg
166,2,BJP,BJP,2.jpg
166,4,Left Front,Left Front,4.png
166,12,Independent,Independent,
166,44,Others (specify),Others (specify),
166,55,NOTA,NOTA,
166,66,Did not vote,Did not vote,
166,77,Not eligible for voting,Not eligible for voting,
166,88,No response/Refused to answer,No response/Refused to answer,
167,1,AITC (Trinamool Congress),AITC (Trinamool Congress),1.jpeg
167,2,BJP,BJP,2.jpg
167,4,Left Front,Left Front,4.png
167,12,Independent,Independent,
167,44,Others (specify),Others (specify),
167,55,NOTA,NOTA,
167,66,Did not vote,Did not vote,
167,77,Not eligible for voting,Not eligible for voting,
167,88,No response/Refused to answer,No response/Refused to answer,
168,1,AITC (Trinamool Congress),AITC (Trinamool Congress),1.jpeg
168,2,BJP,BJP,2.jpg
168,4,Left Front,Left Front,4.png
168,12,Independent,Independent,
168,44,Others (specify),Others (specify),
168,55,NOTA,NOTA,
168,66,Did not vote,Did not vote,
168,77,Not eligible for voting,Not eligible for voting,
168,88,No response/Refused to answer,No response/Refused to answer,
169,1,AITC (Trinamool Congress),AITC (Trinamool Congress),1.jpeg
169,2,BJP,BJP,2.jpg
169,4,Left Front,Left Front,4.png
169,12,Independent,Independent,
169,44,Others (specify),Others (specify),
169,55,NOTA,NOTA,
169,66,Did not vote,Did not vote,
169,77,Not eligible for voting,Not eligible for voting,
169,88,No response/Refused to answer,No response/Refused to answer,
170,1,AITC (Trinamool Congress),AITC (Trinamool Congress),1.jpeg
170,2,BJP,BJP,2.jpg
170,4,Left Front,Left Front,4.png
170,12,Independent,Independent,
170,44,Others (specify),Others (specify),
170,55,NOTA,NOTA,
170,66,Did not vote,Did not vote,
170,77,Not eligible for voting,Not eligible for voting,
170,88,No response/Refused to answer,No response/Refused to answer,
171,1,AITC (Trinamool Congress),AITC (Trinamool Congress),1.jpeg
171,2,BJP,BJP,2.jpg
171,3,INC (Congress),INC (Congress),3.jpg
171,12,Independent,Independent,
171,44,Others (specify),Others (specify),
171,55,NOTA,NOTA,
171,66,Did not vote,Did not vote,
171,77,Not eligible for voting,Not eligible for voting,
171,88,No response/Refused to answer,No response/Refused to answer,
172,1,AITC (Trinamool Congress),AITC (Trinamool Congress),1.jpeg
172,2,BJP,BJP,2.jpg
172,4,Left Front,Left Front,4.png
172,12,Independent,Independent,
172,44,Others (specify),Others (specify),
172,55,NOTA,NOTA,
172,66,Did not vote,Did not vote,
172,77,Not eligible for voting,Not eligible for voting,
172,88,No response/Refused to answer,No response/Refused to answer,
173,1,AITC (Trinamool Congress),AITC (Trinamool Congress),1.jpeg
173,2,BJP,BJP,2.jpg
173,4,Left Front,Left Front,4.png
173,12,Independent,Independent,
173,44,Others (specify),Others (specify),
173,55,NOTA,NOTA,
173,66,Did not vote,Did not vote,
173,77,Not eligible for voting,Not eligible for voting,
173,88,No response/Refused to answer,No response/Refused to answer,
174,1,AITC (Trinamool Congress),AITC (Trinamool Congress),1.jpeg
174,2,BJP,BJP,2.jpg
174,4,Left Front,Left Front,4.png
174,12,Independent,Independent,
174,44,Others (specify),Others (specify),
174,55,NOTA,NOTA,
174,66,Did not vote,Did not vote,
174,77,Not eligible for voting,Not eligible for voting,
174,88,No response/Refused to answer,No response/Refused to answer,
175,1,AITC (Trinamool Congress),AITC (Trinamool Congress),1.jpeg
175,2,BJP,BJP,2.jpg
175,12,Independent,Independent,
175,44,Others (specify),Others (specify),
175,55,NOTA,NOTA,
175,66,Did not vote,Did not vote,
175,77,Not eligible for voting,Not eligible for voting,
175,88,No response/Refused to answer,No response/Refused to answer,
176,1,AITC (Trinamool Congress),AITC (Trinamool Congress),1.jpeg
176,2,BJP,BJP,2.jpg
176,12,Independent,Independent,
176,44,Others (specify),Others (specify),
176,55,NOTA,NOTA,
176,66,Did not vote,Did not vote,
176,77,Not eligible for voting,Not eligible for voting,
176,88,No response/Refused to answer,No response/Refused to answer,
177,1,AITC (Trinamool Congress),AITC (Trinamool Congress),1.jpeg
177,2,BJP,BJP,2.jpg
177,4,Left Front,Left Front,4.png
177,12,Independent,Independent,
177,44,Others (specify),Others (specify),
177,55,NOTA,NOTA,
177,66,Did not vote,Did not vote,
177,77,Not eligible for voting,Not eligible for voting,
177,88,No response/Refused to answer,No response/Refused to answer,
178,1,AITC (Trinamool Congress),AITC (Trinamool Congress),1.jpeg
178,2,BJP,BJP,2.jpg
178,4,Left Front,Left Front,4.png
178,12,Independent,Independent,
178,44,Others (specify),Others (specify),
178,55,NOTA,NOTA,
178,66,Did not vote,Did not vote,
178,77,Not eligible for voting,Not eligible for voting,
178,88,No response/Refused to answer,No response/Refused to answer,
179,1,AITC (Trinamool Congress),AITC (Trinamool Congress),1.jpeg
179,2,BJP,BJP,2.jpg
179,3,INC (Congress),INC (Congress),3.jpg
179,12,Independent,Independent,
179,44,Others (specify),Others (specify),
179,55,NOTA,NOTA,
179,66,Did not vote,Did not vote,
179,77,Not eligible for voting,Not eligible for voting,
179,88,No response/Refused to answer,No response/Refused to answer,
180,1,AITC (Trinamool Congress),AITC (Trinamool Congress),1.jpeg
180,2,BJP,BJP,2.jpg
180,4,Left Front,Left Front,4.png
180,12,Independent,Independent,
180,44,Others (specify),Others (specify),
180,55,NOTA,NOTA,
180,66,Did not vote,Did not vote,
180,77,Not eligible for voting,Not eligible for voting,
180,88,No response/Refused to answer,No response/Refused to answer,
181,1,AITC (Trinamool Congress),AITC (Trinamool Congress),1.jpeg
181,2,BJP,BJP,2.jpg
181,3,INC (Congress),INC (Congress),3.jpg
181,12,Independent,Independent,
181,44,Others (specify),Others (specify),
181,55,NOTA,NOTA,
181,66,Did not vote,Did not vote,
181,77,Not eligible for voting,Not eligible for voting,
181,88,No response/Refused to answer,No response/Refused to answer,
182,1,AITC (Trinamool Congress),AITC (Trinamool Congress),1.jpeg
182,2,BJP,BJP,2.jpg
182,3,INC (Congress),INC (Congress),3.jpg
182,12,Independent,Independent,
182,44,Others (specify),Others (specify),
182,55,NOTA,NOTA,
182,66,Did not vote,Did not vote,
182,77,Not eligible for voting,Not eligible for voting,
182,88,No response/Refused to answer,No response/Refused to answer,
183,1,AITC (Trinamool Congress),AITC (Trinamool Congress),1.jpeg
183,2,BJP,BJP,2.jpg
183,12,Independent,Independent,
183,44,Others (specify),Others (specify),
183,55,NOTA,NOTA,
183,66,Did not vote,Did not vote,
183,77,Not eligible for voting,Not eligible for voting,
183,88,No response/Refused to answer,No response/Refused to answer,
184,1,AITC (Trinamool Congress),AITC (Trinamool Congress),1.jpeg
184,2,BJP,BJP,2.jpg
184,4,Left Front,Left Front,4.png
184,12,Independent,Independent,
184,44,Others (specify),Others (specify),
184,55,NOTA,NOTA,
184,66,Did not vote,Did not vote,
184,77,Not eligible for voting,Not eligible for voting,
184,88,No response/Refused to answer,No response/Refused to answer,
185,1,AITC (Trinamool Congress),AITC (Trinamool Congress),1.jpeg
185,2,BJP,BJP,2.jpg
185,4,Left Front,Left Front,4.png
185,12,Independent,Independent,
185,44,Others (specify),Others (specify),
185,55,NOTA,NOTA,
185,66,Did not vote,Did not vote,
185,77,Not eligible for voting,Not eligible for voting,
185,88,No response/Refused to answer,No response/Refused to answer,
186,1,AITC (Trinamool Congress),AITC (Trinamool Congress),1.jpeg
186,2,BJP,BJP,2.jpg
186,3,INC (Congress),INC (Congress),3.jpg
186,12,Independent,Independent,
186,44,Others (specify),Others (specify),
186,55,NOTA,NOTA,
186,66,Did not vote,Did not vote,
186,77,Not eligible for voting,Not eligible for voting,
186,88,No response/Refused to answer,No response/Refused to answer,
187,1,AITC (Trinamool Congress),AITC (Trinamool Congress),1.jpeg
187,2,BJP,BJP,2.jpg
187,3,INC (Congress),INC (Congress),3.jpg
187,12,Independent,Independent,
187,44,Others (specify),Others (specify),
187,55,NOTA,NOTA,
187,66,Did not vote,Did not vote,
187,77,Not eligible for voting,Not eligible for voting,
187,88,No response/Refused to answer,No response/Refused to answer,
188,1,AITC (Trinamool Congress),AITC (Trinamool Congress),1.jpeg
188,2,BJP,BJP,2.jpg
188,4,Left Front,Left Front,4.png
188,12,Independent,Independent,
188,44,Others (specify),Others (specify),
188,55,NOTA,NOTA,
188,66,Did not vote,Did not vote,
188,77,Not eligible for voting,Not eligible for voting,
188,88,No response/Refused to answer,No response/Refused to answer,
189,1,AITC (Trinamool Congress),AITC (Trinamool Congress),1.jpeg
189,2,BJP,BJP,2.jpg
189,4,Left Front,Left Front,4.png
189,12,Independent,Independent,
189,44,Others (specify),Others (specify),
189,55,NOTA,NOTA,
189,66,Did not vote,Did not vote,
189,77,Not eligible for voting,Not eligible for voting,
189,88,No response/Refused to answer,No response/Refused to answer,
190,1,AITC (Trinamool Congress),AITC (Trinamool Congress),1.jpeg
190,2,BJP,BJP,2.jpg
190,4,Left Front,Left Front,4.png
190,12,Independent,Independent,
190,44,Others (specify),Others (specify),
190,55,NOTA,NOTA,
190,66,Did not vote,Did not vote,
190,77,Not eligible for voting,Not eligible for voting,
190,88,No response/Refused to answer,No response/Refused to answer,
191,1,AITC (Trinamool Congress),AITC (Trinamool Congress),1.jpeg
191,2,BJP,BJP,2.jpg
191,4,Left Front,Left Front,4.png
191,12,Independent,Independent,
191,44,Others (specify),Others (specify),
191,55,NOTA,NOTA,
191,66,Did not vote,Did not vote,
191,77,Not eligible for voting,Not eligible for voting,
191,88,No response/Refused to answer,No response/Refused to answer,
192,1,AITC (Trinamool Congress),AITC (Trinamool Congress),1.jpeg
192,2,BJP,BJP,2.jpg
192,4,Left Front,Left Front,4.png
192,12,Independent,Independent,
192,44,Others (specify),Others (specify),
192,55,NOTA,NOTA,
192,66,Did not vote,Did not vote,
192,77,Not eligible for voting,Not eligible for voting,
192,88,No response/Refused to answer,No response/Refused to answer,
193,1,AITC (Trinamool Congress),AITC (Trinamool Congress),1.jpeg
193,2,BJP,BJP,2.jpg
193,3,INC (Congress),INC (Congress),3.jpg
193,12,Independent,Independent,
193,44,Others (specify),Others (specify),
193,55,NOTA,NOTA,
193,66,Did not vote,Did not vote,
193,77,Not eligible for voting,Not eligible for voting,
193,88,No response/Refused to answer,No response/Refused to answer,
194,1,AITC (Trinamool Congress),AITC (Trinamool Congress),1.jpeg
194,2,BJP,BJP,2.jpg
194,4,Left Front,Left Front,4.png
194,12,Independent,Independent,
194,44,Others (specify),Others (specify),
194,55,NOTA,NOTA,
194,66,Did not vote,Did not vote,
194,77,Not eligible for voting,Not eligible for voting,
194,88,No response/Refused to answer,No response/Refused to answer,
195,1,AITC (Trinamool Congress),AITC (Trinamool Congress),1.jpeg
195,2,BJP,BJP,2.jpg
195,12,Independent,Independent,
195,44,Others (specify),Others (specify),
195,55,NOTA,NOTA,
195,66,Did not vote,Did not vote,
195,77,Not eligible for voting,Not eligible for voting,
195,88,No response/Refused to answer,No response/Refused to answer,
196,1,AITC (Trinamool Congress),AITC (Trinamool Congress),1.jpeg
196,2,BJP,BJP,2.jpg
196,12,Independent,Independent,
196,44,Others (specify),Others (specify),
196,55,NOTA,NOTA,
196,66,Did not vote,Did not vote,
196,77,Not eligible for voting,Not eligible for voting,
196,88,No response/Refused to answer,No response/Refused to answer,
197,1,AITC (Trinamool Congress),AITC (Trinamool Congress),1.jpeg
197,2,BJP,BJP,2.jpg
197,3,INC (Congress),INC (Congress),3.jpg
197,12,Independent,Independent,
197,44,Others (specify),Others (specify),
197,55,NOTA,NOTA,
197,66,Did not vote,Did not vote,
197,77,Not eligible for voting,Not eligible for voting,
197,88,No response/Refused to answer,No response/Refused to answer,
198,1,AITC (Trinamool Congress),AITC (Trinamool Congress),1.jpeg
198,2,BJP,BJP,2.jpg
198,4,Left Front,Left Front,4.png
198,12,Independent,Independent,
198,44,Others (specify),Others (specify),
198,55,NOTA,NOTA,
198,66,Did not vote,Did not vote,
198,77,Not eligible for voting,Not eligible for voting,
198,88,No response/Refused to answer,No response/Refused to answer,
199,1,AITC (Trinamool Congress),AITC (Trinamool Congress),1.jpeg
199,2,BJP,BJP,2.jpg
199,3,INC (Congress),INC (Congress),3.jpg
199,12,Independent,Independent,
199,44,Others (specify),Others (specify),
199,55,NOTA,NOTA,
199,66,Did not vote,Did not vote,
199,77,Not eligible for voting,Not eligible for voting,
199,88,No response/Refused to answer,No response/Refused to answer,
200,1,AITC (Trinamool Congress),AITC (Trinamool Congress),1.jpeg
200,2,BJP,BJP,2.jpg
200,4,Left Front,Left Front,4.png
200,12,Independent,Independent,
200,44,Others (specify),Others (specify),
200,55,NOTA,NOTA,
200,66,Did not vote,Did not vote,
200,77,Not eligible for voting,Not eligible for voting,
200,88,No response/Refused to answer,No response/Refused to answer,
201,1,AITC (Trinamool Congress),AITC (Trinamool Congress),1.jpeg
201,2,BJP,BJP,2.jpg
201,4,Left Front,Left Front,4.png
201,12,Independent,Independent,
201,44,Others (specify),Others (specify),
201,55,NOTA,NOTA,
201,66,Did not vote,Did not vote,
201,77,Not eligible for voting,Not eligible for voting,
201,88,No response/Refused to answer,No response/Refused to answer,
202,1,AITC (Trinamool Congress),AITC (Trinamool Congress),1.jpeg
202,2,BJP,BJP,2.jpg
202,12,Independent,Independent,
202,44,Others (specify),Others (specify),
202,55,NOTA,NOTA,
202,66,Did not vote,Did not vote,
202,77,Not eligible for voting,Not eligible for voting,
202,88,No response/Refused to answer,No response/Refused to answer,
203,1,AITC (Trinamool Congress),AITC (Trinamool Congress),1.jpeg
203,2,BJP,BJP,2.jpg
203,4,Left Front,Left Front,4.png
203,12,Independent,Independent,
203,44,Others (specify),Others (specify),
203,55,NOTA,NOTA,
203,66,Did not vote,Did not vote,
203,77,Not eligible for voting,Not eligible for voting,
203,88,No response/Refused to answer,No response/Refused to answer,
204,1,AITC (Trinamool Congress),AITC (Trinamool Congress),1.jpeg
204,2,BJP,BJP,2.jpg
204,4,Left Front,Left Front,4.png
204,12,Independent,Independent,
204,44,Others (specify),Others (specify),
204,55,NOTA,NOTA,
204,66,Did not vote,Did not vote,
204,77,Not eligible for voting,Not eligible for voting,
204,88,No response/Refused to answer,No response/Refused to answer,
205,1,AITC (Trinamool Congress),AITC (Trinamool Congress),1.jpeg
205,2,BJP,BJP,2.jpg
205,4,Left Front,Left Front,4.png
205,12,Independent,Independent,
205,44,Others (specify),Others (specify),
205,55,NOTA,NOTA,
205,66,Did not vote,Did not vote,
205,77,Not eligible for voting,Not eligible for voting,
205,88,No response/Refused to answer,No response/Refused to answer,
206,1,AITC (Trinamool Congress),AITC (Trinamool Congress),1.jpeg
206,2,BJP,BJP,2.jpg
206,3,INC (Congress),INC (Congress),3.jpg
206,12,Independent,Independent,
206,44,Others (specify),Others (specify),
206,55,NOTA,NOTA,
206,66,Did not vote,Did not vote,
206,77,Not eligible for voting,Not eligible for voting,
206,88,No response/Refused to answer,No response/Refused to answer,
207,1,AITC (Trinamool Congress),AITC (Trinamool Congress),1.jpeg
207,2,BJP,BJP,2.jpg
207,4,Left Front,Left Front,4.png
207,12,Independent,Independent,
207,44,Others (specify),Others (specify),
207,55,NOTA,NOTA,
207,66,Did not vote,Did not vote,
207,77,Not eligible for voting,Not eligible for voting,
207,88,No response/Refused to answer,No response/Refused to answer,
208,1,AITC (Trinamool Congress),AITC (Trinamool Congress),1.jpeg
208,2,BJP,BJP,2.jpg
208,12,Independent,Independent,
208,44,Others (specify),Others (specify),
208,55,NOTA,NOTA,
208,66,Did not vote,Did not vote,
208,77,Not eligible for voting,Not eligible for voting,
208,88,No response/Refused to answer,No response/Refused to answer,
209,1,AITC (Trinamool Congress),AITC (Trinamool Congress),1.jpeg
209,2,BJP,BJP,2.jpg
209,4,Left Front,Left Front,4.png
209,12,Independent,Independent,
209,44,Others (specify),Others (specify),
209,55,NOTA,NOTA,
209,66,Did not vote,Did not vote,
209,77,Not eligible for voting,Not eligible for voting,
209,88,No response/Refused to answer,No response/Refused to answer,
210,1,AITC (Trinamool Congress),AITC (Trinamool Congress),1.jpeg
210,2,BJP,BJP,2.jpg
210,4,Left Front,Left Front,4.png
210,12,Independent,Independent,
210,44,Others (specify),Others (specify),
210,55,NOTA,NOTA,
210,66,Did not vote,Did not vote,
210,77,Not eligible for voting,Not eligible for voting,
210,88,No response/Refused to answer,No response/Refused to answer,
211,1,AITC (Trinamool Congress),AITC (Trinamool Congress),1.jpeg
211,2,BJP,BJP,2.jpg
211,4,Left Front,Left Front,4.png
211,12,Independent,Independent,
211,44,Others (specify),Others (specify),
211,55,NOTA,NOTA,
211,66,Did not vote,Did not vote,
211,77,Not eligible for voting,Not eligible for voting,
211,88,No response/Refused to answer,No response/Refused to answer,
212,1,AITC (Trinamool Congress),AITC (Trinamool Congress),1.jpeg
212,2,BJP,BJP,2.jpg
212,4,Left Front,Left Front,4.png
212,12,Independent,Independent,
212,44,Others (specify),Others (specify),
212,55,NOTA,NOTA,
212,66,Did not vote,Did not vote,
212,77,Not eligible for voting,Not eligible for voting,
212,88,No response/Refused to answer,No response/Refused to answer,
213,1,AITC (Trinamool Congress),AITC (Trinamool Congress),1.jpeg
213,2,BJP,BJP,2.jpg
213,4,Left Front,Left Front,4.png
213,12,Independent,Independent,
213,44,Others (specify),Others (specify),
213,55,NOTA,NOTA,
213,66,Did not vote,Did not vote,
213,77,Not eligible for voting,Not eligible for voting,
213,88,No response/Refused to answer,No response/Refused to answer,
214,1,AITC (Trinamool Congress),AITC (Trinamool Congress),1.jpeg
214,2,BJP,BJP,2.jpg
214,3,INC (Congress),INC (Congress),3.jpg
214,12,Independent,Independent,
214,44,Others (specify),Others (specify),
214,55,NOTA,NOTA,
214,66,Did not vote,Did not vote,
214,77,Not eligible for voting,Not eligible for voting,
214,88,No response/Refused to answer,No response/Refused to answer,
215,1,AITC (Trinamool Congress),AITC (Trinamool Congress),1.jpeg
215,2,BJP,BJP,2.jpg
215,4,Left Front,Left Front,4.png
215,12,Independent,Independent,
215,44,Others (specify),Others (specify),
215,55,NOTA,NOTA,
215,66,Did not vote,Did not vote,
215,77,Not eligible for voting,Not eligible for voting,
215,88,No response/Refused to answer,No response/Refused to answer,
216,1,AITC (Trinamool Congress),AITC (Trinamool Congress),1.jpeg
216,2,BJP,BJP,2.jpg
216,4,Left Front,Left Front,4.png
216,12,Independent,Independent,
216,44,Others (specify),Others (specify),
216,55,NOTA,NOTA,
216,66,Did not vote,Did not vote,
216,77,Not eligible for voting,Not eligible for voting,
216,88,No response/Refused to answer,No response/Refused to answer,
217,1,AITC (Trinamool Congress),AITC (Trinamool Congress),1.jpeg
217,2,BJP,BJP,2.jpg
217,4,Left Front,Left Front,4.png
217,12,Independent,Independent,
217,44,Others (specify),Others (specify),
217,55,NOTA,NOTA,
217,66,Did not vote,Did not vote,
217,77,Not eligible for voting,Not eligible for voting,
217,88,No response/Refused to answer,No response/Refused to answer,
218,1,AITC (Trinamool Congress),AITC (Trinamool Congress),1.jpeg
218,2,BJP,BJP,2.jpg
218,3,INC (Congress),INC (Congress),3.jpg
218,12,Independent,Independent,
218,44,Others (specify),Others (specify),
218,55,NOTA,NOTA,
218,66,Did not vote,Did not vote,
218,77,Not eligible for voting,Not eligible for voting,
218,88,No response/Refused to answer,No response/Refused to answer,
219,1,AITC (Trinamool Congress),AITC (Trinamool Congress),1.jpeg
219,2,BJP,BJP,2.jpg
219,4,Left Front,Left Front,4.png
219,12,Independent,Independent,
219,44,Others (specify),Others (specify),
219,55,NOTA,NOTA,
219,66,Did not vote,Did not vote,
219,77,Not eligible for voting,Not eligible for voting,
219,88,No response/Refused to answer,No response/Refused to answer,
220,1,AITC (Trinamool Congress),AITC (Trinamool Congress),1.jpeg
220,2,BJP,BJP,2.jpg
220,4,Left Front,Left Front,4.png
220,12,Independent,Independent,
220,44,Others (specify),Others (specify),
220,55,NOTA,NOTA,
220,66,Did not vote,Did not vote,
220,77,Not eligible for voting,Not eligible for voting,
220,88,No response/Refused to answer,No response/Refused to answer,
221,1,AITC (Trinamool Congress),AITC (Trinamool Congress),1.jpeg
221,2,BJP,BJP,2.jpg
221,4,Left Front,Left Front,4.png
221,12,Independent,Independent,
221,44,Others (specify),Others (specify),
221,55,NOTA,NOTA,
221,66,Did not vote,Did not vote,
221,77,Not eligible for voting,Not eligible for voting,
221,88,No response/Refused to answer,No response/Refused to answer,
222,1,AITC (Trinamool Congress),AITC (Trinamool Congress),1.jpeg
222,2,BJP,BJP,2.jpg
222,4,Left Front,Left Front,4.png
222,12,Independent,Independent,
222,44,Others (specify),Others (specify),
222,55,NOTA,NOTA,
222,66,Did not vote,Did not vote,
222,77,Not eligible for voting,Not eligible for voting,
222,88,No response/Refused to answer,No response/Refused to answer,
223,1,AITC (Trinamool Congress),AITC (Trinamool Congress),1.jpeg
223,2,BJP,BJP,2.jpg
223,4,Left Front,Left Front,4.png
223,12,Independent,Independent,
223,44,Others (specify),Others (specify),
223,55,NOTA,NOTA,
223,66,Did not vote,Did not vote,
223,77,Not eligible for voting,Not eligible for voting,
223,88,No response/Refused to answer,No response/Refused to answer,
224,1,AITC (Trinamool Congress),AITC (Trinamool Congress),1.jpeg
224,2,BJP,BJP,2.jpg
224,3,INC (Congress),INC (Congress),3.jpg
224,12,Independent,Independent,
224,44,Others (specify),Others (specify),
224,55,NOTA,NOTA,
224,66,Did not vote,Did not vote,
224,77,Not eligible for voting,Not eligible for voting,
224,88,No response/Refused to answer,No response/Refused to answer,
225,1,AITC (Trinamool Congress),AITC (Trinamool Congress),1.jpeg
225,2,BJP,BJP,2.jpg
225,4,Left Front,Left Front,4.png
225,12,Independent,Independent,
225,44,Others (specify),Others (specify),
225,55,NOTA,NOTA,
225,66,Did not vote,Did not vote,
225,77,Not eligible for voting,Not eligible for voting,
225,88,No response/Refused to answer,No response/Refused to answer,
226,1,AITC (Trinamool Congress),AITC (Trinamool Congress),1.jpeg
226,2,BJP,BJP,2.jpg
226,3,INC (Congress),INC (Congress),3.jpg
226,12,Independent,Independent,
226,44,Others (specify),Others (specify),
226,55,NOTA,NOTA,
226,66,Did not vote,Did not vote,
226,77,Not eligible for voting,Not eligible for voting,
226,88,No response/Refused to answer,No response/Refused to answer,
227,1,AITC (Trinamool Congress),AITC (Trinamool Congress),1.jpeg
227,2,BJP,BJP,2.jpg
227,3,INC (Congress),INC (Congress),3.jpg
227,12,Independent,Independent,
227,44,Others (specify),Others (specify),
227,55,NOTA,NOTA,
227,66,Did not vote,Did not vote,
227,77,Not eligible for voting,Not eligible for voting,
227,88,No response/Refused to answer,No response/Refused to answer,
228,1,AITC (Trinamool Congress),AITC (Trinamool Congress),1.jpeg
228,2,BJP,BJP,2.jpg
228,4,Left Front,Left Front,4.png
228,12,Independent,Independent,
228,44,Others (specify),Others (specify),
228,55,NOTA,NOTA,
228,66,Did not vote,Did not vote,
228,77,Not eligible for voting,Not eligible for voting,
228,88,No response/Refused to answer,No response/Refused to answer,
229,1,AITC (Trinamool Congress),AITC (Trinamool Congress),1.jpeg
229,2,BJP,BJP,2.jpg
229,4,Left Front,Left Front,4.png
229,12,Independent,Independent,
229,44,Others (specify),Others (specify),
229,55,NOTA,NOTA,
229,66,Did not vote,Did not vote,
229,77,Not eligible for voting,Not eligible for voting,
229,88,No response/Refused to answer,No response/Refused to answer,
230,1,AITC (Trinamool Congress),AITC (Trinamool Congress),1.jpeg
230,2,BJP,BJP,2.jpg
230,4,Left Front,Left Front,4.png
230,12,Independent,Independent,
230,44,Others (specify),Others (specify),
230,55,NOTA,NOTA,
230,66,Did not vote,Did not vote,
230,77,Not eligible for voting,Not eligible for voting,
230,88,No response/Refused to answer,No response/Refused to answer,
231,1,AITC (Trinamool Congress),AITC (Trinamool Congress),1.jpeg
231,2,BJP,BJP,2.jpg
231,4,Left Front,Left Front,4.png
231,12,Independent,Independent,
231,44,Others (specify),Others (specify),
231,55,NOTA,NOTA,
231,66,Did not vote,Did not vote,
231,77,Not eligible for voting,Not eligible for voting,
231,88,No response/Refused to answer,No response/Refused to answer,
232,1,AITC (Trinamool Congress),AITC (Trinamool Congress),1.jpeg
232,2,BJP,BJP,2.jpg
232,12,Independent,Independent,
232,44,Others (specify),Others (specify),
232,55,NOTA,NOTA,
232,66,Did not vote,Did not vote,
232,77,Not eligible for voting,Not eligible for voting,
232,88,No response/Refused to answer,No response/Refused to answer,
233,1,AITC (Trinamool Congress),AITC (Trinamool Congress),1.jpeg
233,2,BJP,BJP,2.jpg
233,4,Left Front,Left Front,4.png
233,12,Independent,Independent,
233,44,Others (specify),Others (specify),
233,55,NOTA,NOTA,
233,66,Did not vote,Did not vote,
233,77,Not eligible for voting,Not eligible for voting,
233,88,No response/Refused to answer,No response/Refused to answer,
234,1,AITC (Trinamool Congress),AITC (Trinamool Congress),1.jpeg
234,2,BJP,BJP,2.jpg
234,4,Left Front,Left Front,4.png
234,12,Independent,Independent,
234,44,Others (specify),Others (specify),
234,55,NOTA,NOTA,
234,66,Did not vote,Did not vote,
234,77,Not eligible for voting,Not eligible for voting,
234,88,No response/Refused to answer,No response/Refused to answer,
235,1,AITC (Trinamool Congress),AITC (Trinamool Congress),1.jpeg
235,2,BJP,BJP,2.jpg
235,4,Left Front,Left Front,4.png
235,12,Independent,Independent,
235,44,Others (specify),Others (specify),
235,55,NOTA,NOTA,
235,66,Did not vote,Did not vote,
235,77,Not eligible for voting,Not eligible for voting,
235,88,No response/Refused to answer,No response/Refused to answer,
236,1,AITC (Trinamool Congress),AITC (Trinamool Congress),1.jpeg
236,2,BJP,BJP,2.jpg
236,4,Left Front,Left Front,4.png
236,12,Independent,Independent,
236,44,Others (specify),Others (specify),
236,55,NOTA,NOTA,
236,66,Did not vote,Did not vote,
236,77,Not eligible for voting,Not eligible for voting,
236,88,No response/Refused to answer,No response/Refused to answer,
237,1,AITC (Trinamool Congress),AITC (Trinamool Congress),1.jpeg
237,2,BJP,BJP,2.jpg
237,4,Left Front,Left Front,4.png
237,12,Independent,Independent,
237,44,Others (specify),Others (specify),
237,55,NOTA,NOTA,
237,66,Did not vote,Did not vote,
237,77,Not eligible for voting,Not eligible for voting,
237,88,No response/Refused to answer,No response/Refused to answer,
238,1,AITC (Trinamool Congress),AITC (Trinamool Congress),1.jpeg
238,2,BJP,BJP,2.jpg
238,4,Left Front,Left Front,4.png
238,12,Independent,Independent,
238,44,Others (specify),Others (specify),
238,55,NOTA,NOTA,
238,66,Did not vote,Did not vote,
238,77,Not eligible for voting,Not eligible for voting,
238,88,No response/Refused to answer,No response/Refused to answer,
239,1,AITC (Trinamool Congress),AITC (Trinamool Congress),1.jpeg
239,2,BJP,BJP,2.jpg
239,3,INC (Congress),INC (Congress),3.jpg
239,12,Independent,Independent,
239,44,Others (specify),Others (specify),
239,55,NOTA,NOTA,
239,66,Did not vote,Did not vote,
239,77,Not eligible for voting,Not eligible for voting,
239,88,No response/Refused to answer,No response/Refused to answer,
240,1,AITC (Trinamool Congress),AITC (Trinamool Congress),1.jpeg
240,3,INC (Congress),INC (Congress),3.jpg
240,4,Left Front,Left Front,4.png
240,12,Independent,Independent,
240,15,AJSU,AJSU,
240,44,Others (specify),Others (specify),
240,55,NOTA,NOTA,
240,66,Did not vote,Did not vote,
240,77,Not eligible for voting,Not eligible for voting,
240,88,No response/Refused to answer,No response/Refused to answer,
241,2,BJP,BJP,2.jpg
241,3,INC (Congress),INC (Congress),3.jpg
241,4,Left Front,Left Front,4.png
241,12,Independent,Independent,
241,44,Others (specify),Others (specify),
241,55,NOTA,NOTA,
241,66,Did not vote,Did not vote,
241,77,Not eligible for voting,Not eligible for voting,
241,88,No response/Refused to answer,No response/Refused to answer,
242,1,AITC (Trinamool Congress),AITC (Trinamool Congress),1.jpeg
242,2,BJP,BJP,2.jpg
242,3,INC (Congress),INC (Congress),3.jpg
242,12,Independent,Independent,
242,44,Others (specify),Others (specify),
242,55,NOTA,NOTA,
242,66,Did not vote,Did not vote,
242,77,Not eligible for voting,Not eligible for voting,
242,88,No response/Refused to answer,No response/Refused to answer,
243,1,AITC (Trinamool Congress),AITC (Trinamool Congress),1.jpeg
243,2,BJP,BJP,2.jpg
243,4,Left Front,Left Front,4.png
243,12,Independent,Independent,
243,44,Others (specify),Others (specify),
243,55,NOTA,NOTA,
243,66,Did not vote,Did not vote,
243,77,Not eligible for voting,Not eligible for voting,
243,88,No response/Refused to answer,No response/Refused to answer,
244,1,AITC (Trinamool Congress),AITC (Trinamool Congress),1.jpeg
244,2,BJP,BJP,2.jpg
244,4,Left Front,Left Front,4.png
244,12,Independent,Independent,
244,44,Others (specify),Others (specify),
244,55,NOTA,NOTA,
244,66,Did not vote,Did not vote,
244,77,Not eligible for voting,Not eligible for voting,
244,88,No response/Refused to answer,No response/Refused to answer,
245,1,AITC (Trinamool Congress),AITC (Trinamool Congress),1.jpeg
245,2,BJP,BJP,2.jpg
245,4,Left Front,Left Front,4.png
245,12,Independent,Independent,
245,44,Others (specify),Others (specify),
245,55,NOTA,NOTA,
245,66,Did not vote,Did not vote,
245,77,Not eligible for voting,Not eligible for voting,
245,88,No response/Refused to answer,No response/Refused to answer,
246,1,AITC (Trinamool Congress),AITC (Trinamool Congress),1.jpeg
246,2,BJP,BJP,2.jpg
246,4,Left Front,Left Front,4.png
246,12,Independent,Independent,
246,44,Others (specify),Others (specify),
246,55,NOTA,NOTA,
246,66,Did not vote,Did not vote,
246,77,Not eligible for voting,Not eligible for voting,
246,88,No response/Refused to answer,No response/Refused to answer,
247,1,AITC (Trinamool Congress),AITC (Trinamool Congress),1.jpeg
247,2,BJP,BJP,2.jpg
247,4,Left Front,Left Front,4.png
247,12,Independent,Independent,
247,44,Others (specify),Others (specify),
247,55,NOTA,NOTA,
247,66,Did not vote,Did not vote,
247,77,Not eligible for voting,Not eligible for voting,
247,88,No response/Refused to answer,No response/Refused to answer,
248,1,AITC (Trinamool Congress),AITC (Trinamool Congress),1.jpeg
248,2,BJP,BJP,2.jpg
248,4,Left Front,Left Front,4.png
248,12,Independent,Independent,
248,44,Others (specify),Others (specify),
248,55,NOTA,NOTA,
248,66,Did not vote,Did not vote,
248,77,Not eligible for voting,Not eligible for voting,
248,88,No response/Refused to answer,No response/Refused to answer,
249,1,AITC (Trinamool Congress),AITC (Trinamool Congress),1.jpeg
249,2,BJP,BJP,2.jpg
249,4,Left Front,Left Front,4.png
249,12,Independent,Independent,
249,44,Others (specify),Others (specify),
249,55,NOTA,NOTA,
249,66,Did not vote,Did not vote,
249,77,Not eligible for voting,Not eligible for voting,
249,88,No response/Refused to answer,No response/Refused to answer,
250,1,AITC (Trinamool Congress),AITC (Trinamool Congress),1.jpeg
250,2,BJP,BJP,2.jpg
250,12,Independent,Independent,
250,44,Others (specify),Others (specify),
250,55,NOTA,NOTA,
250,66,Did not vote,Did not vote,
250,77,Not eligible for voting,Not eligible for voting,
250,88,No response/Refused to answer,No response/Refused to answer,
251,1,AITC (Trinamool Congress),AITC (Trinamool Congress),1.jpeg
251,2,BJP,BJP,2.jpg
251,4,Left Front,Left Front,4.png
251,12,Independent,Independent,
251,44,Others (specify),Others (specify),
251,55,NOTA,NOTA,
251,66,Did not vote,Did not vote,
251,77,Not eligible for voting,Not eligible for voting,
251,88,No response/Refused to answer,No response/Refused to answer,
252,1,AITC (Trinamool Congress),AITC (Trinamool Congress),1.jpeg
252,2,BJP,BJP,2.jpg
252,3,INC (Congress),INC (Congress),3.jpg
252,12,Independent,Independent,
252,44,Others (specify),Others (specify),
252,55,NOTA,NOTA,
252,66,Did not vote,Did not vote,
252,77,Not eligible for voting,Not eligible for voting,
252,88,No response/Refused to answer,No response/Refused to answer,
253,1,AITC (Trinamool Congress),AITC (Trinamool Congress),1.jpeg
253,2,BJP,BJP,2.jpg
253,4,Left Front,Left Front,4.png
253,12,Independent,Independent,
253,44,Others (specify),Others (specify),
253,55,NOTA,NOTA,
253,66,Did not vote,Did not vote,
253,77,Not eligible for voting,Not eligible for voting,
253,88,No response/Refused to answer,No response/Refused to answer,
254,1,AITC (Trinamool Congress),AITC (Trinamool Congress),1.jpeg
254,2,BJP,BJP,2.jpg
254,4,Left Front,Left Front,4.png
254,12,Independent,Independent,
254,44,Others (specify),Others (specify),
254,55,NOTA,NOTA,
254,66,Did not vote,Did not vote,
254,77,Not eligible for voting,Not eligible for voting,
254,88,No response/Refused to answer,No response/Refused to answer,
255,1,AITC (Trinamool Congress),AITC (Trinamool Congress),1.jpeg
255,2,BJP,BJP,2.jpg
255,3,INC (Congress),INC (Congress),3.jpg
255,12,Independent,Independent,
255,44,Others (specify),Others (specify),
255,55,NOTA,NOTA,
255,66,Did not vote,Did not vote,
255,77,Not eligible for voting,Not eligible for voting,
255,88,No response/Refused to answer,No response/Refused to answer,
256,1,AITC (Trinamool Congress),AITC (Trinamool Congress),1.jpeg
256,2,BJP,BJP,2.jpg
256,3,INC (Congress),INC (Congress),3.jpg
256,12,Independent,Independent,
256,44,Others (specify),Others (specify),
256,55,NOTA,NOTA,
256,66,Did not vote,Did not vote,
256,77,Not eligible for voting,Not eligible for voting,
256,88,No response/Refused to answer,No response/Refused to answer,
257,1,AITC (Trinamool Congress),AITC (Trinamool Congress),1.jpeg
257,2,BJP,BJP,2.jpg
257,4,Left Front,Left Front,4.png
257,12,Independent,Independent,
257,44,Others (specify),Others (specify),
257,55,NOTA,NOTA,
257,66,Did not vote,Did not vote,
257,77,Not eligible for voting,Not eligible for voting,
257,88,No response/Refused to answer,No response/Refused to answer,
258,1,AITC (Trinamool Congress),AITC (Trinamool Congress),1.jpeg
258,2,BJP,BJP,2.jpg
258,4,Left Front,Left Front,4.png
258,12,Independent,Independent,
258,44,Others (specify),Others (specify),
258,55,NOTA,NOTA,
258,66,Did not vote,Did not vote,
258,77,Not eligible for voting,Not eligible for voting,
258,88,No response/Refused to answer,No response/Refused to answer,
259,1,AITC (Trinamool Congress),AITC (Trinamool Congress),1.jpeg
259,2,BJP,BJP,2.jpg
259,4,Left Front,Left Front,4.png
259,12,Independent,Independent,
259,44,Others (specify),Others (specify),
259,55,NOTA,NOTA,
259,66,Did not vote,Did not vote,
259,77,Not eligible for voting,Not eligible for voting,
259,88,No response/Refused to answer,No response/Refused to answer,
260,1,AITC (Trinamool Congress),AITC (Trinamool Congress),1.jpeg
260,2,BJP,BJP,2.jpg
260,4,Left Front,Left Front,4.png
260,12,Independent,Independent,
260,44,Others (specify),Others (specify),
260,55,NOTA,NOTA,
260,66,Did not vote,Did not vote,
260,77,Not eligible for voting,Not eligible for voting,
260,88,No response/Refused to answer,No response/Refused to answer,
261,1,AITC (Trinamool Congress),AITC (Trinamool Congress),1.jpeg
261,2,BJP,BJP,2.jpg
261,4,Left Front,Left Front,4.png
261,12,Independent,Independent,
261,44,Others (specify),Others (specify),
261,55,NOTA,NOTA,
261,66,Did not vote,Did not vote,
261,77,Not eligible for voting,Not eligible for voting,
261,88,No response/Refused to answer,No response/Refused to answer,
262,1,AITC (Trinamool Congress),AITC (Trinamool Congress),1.jpeg
262,2,BJP,BJP,2.jpg
262,4,Left Front,Left Front,4.png
262,12,Independent,Independent,
262,44,Others (specify),Others (specify),
262,55,NOTA,NOTA,
262,66,Did not vote,Did not vote,
262,77,Not eligible for voting,Not eligible for voting,
262,88,No response/Refused to answer,No response/Refused to answer,
263,1,AITC (Trinamool Congress),AITC (Trinamool Congress),1.jpeg
263,2,BJP,BJP,2.jpg
263,4,Left Front,Left Front,4.png
263,12,Independent,Independent,
263,44,Others (specify),Others (specify),
263,55,NOTA,NOTA,
263,66,Did not vote,Did not vote,
263,77,Not eligible for voting,Not eligible for voting,
263,88,No response/Refused to answer,No response/Refused to answer,
264,1,AITC (Trinamool Congress),AITC (Trinamool Congress),1.jpeg
264,2,BJP,BJP,2.jpg
264,4,Left Front,Left Front,4.png
264,12,Independent,Independent,
264,44,Others (specify),Others (specify),
264,55,NOTA,NOTA,
264,66,Did not vote,Did not vote,
264,77,Not eligible for voting,Not eligible for voting,
264,88,No response/Refused to answer,No response/Refused to answer,
265,1,AITC (Trinamool Congress),AITC (Trinamool Congress),1.jpeg
265,2,BJP,BJP,2.jpg
265,4,Left Front,Left Front,4.png
265,12,Independent,Independent,
265,44,Others (specify),Others (specify),
265,55,NOTA,NOTA,
265,66,Did not vote,Did not vote,
265,77,Not eligible for voting,Not eligible for voting,
265,88,No response/Refused to answer,No response/Refused to answer,
266,1,AITC (Trinamool Congress),AITC (Trinamool Congress),1.jpeg
266,2,BJP,BJP,2.jpg
266,4,Left Front,Left Front,4.png
266,12,Independent,Independent,
266,44,Others (specify),Others (specify),
266,55,NOTA,NOTA,
266,66,Did not vote,Did not vote,
266,77,Not eligible for voting,Not eligible for voting,
266,88,No response/Refused to answer,No response/Refused to answer,
267,1,AITC (Trinamool Congress),AITC (Trinamool Congress),1.jpeg
267,2,BJP,BJP,2.jpg
267,4,Left Front,Left Front,4.png
267,12,Independent,Independent,
267,44,Others (specify),Others (specify),
267,55,NOTA,NOTA,
267,66,Did not vote,Did not vote,
267,77,Not eligible for voting,Not eligible for voting,
267,88,No response/Refused to answer,No response/Refused to answer,
268,1,AITC (Trinamool Congress),AITC (Trinamool Congress),1.jpeg
268,2,BJP,BJP,2.jpg
268,3,INC (Congress),INC (Congress),3.jpg
268,12,Independent,Independent,
268,44,Others (specify),Others (specify),
268,55,NOTA,NOTA,
268,66,Did not vote,Did not vote,
268,77,Not eligible for voting,Not eligible for voting,
268,88,No response/Refused to answer,No response/Refused to answer,
269,1,AITC (Trinamool Congress),AITC (Trinamool Congress),1.jpeg
269,2,BJP,BJP,2.jpg
269,4,Left Front,Left Front,4.png
269,12,Independent,Independent,
269,44,Others (specify),Others (specify),
269,55,NOTA,NOTA,
269,66,Did not vote,Did not vote,
269,77,Not eligible for voting,Not eligible for voting,
269,88,No response/Refused to answer,No response/Refused to answer,
270,1,AITC (Trinamool Congress),AITC (Trinamool Congress),1.jpeg
270,2,BJP,BJP,2.jpg
270,3,INC (Congress),INC (Congress),3.jpg
270,12,Independent,Independent,
270,44,Others (specify),Others (specify),
270,55,NOTA,NOTA,
270,66,Did not vote,Did not vote,
270,77,Not eligible for voting,Not eligible for voting,
270,88,No response/Refused to answer,No response/Refused to answer,
271,1,AITC (Trinamool Congress),AITC (Trinamool Congress),1.jpeg
271,2,BJP,BJP,2.jpg
271,4,Left Front,Left Front,4.png
271,12,Independent,Independent,
271,44,Others (specify),Others (specify),
271,55,NOTA,NOTA,
271,66,Did not vote,Did not vote,
271,77,Not eligible for voting,Not eligible for voting,
271,88,No response/Refused to answer,No response/Refused to answer,
272,1,AITC (Trinamool Congress),AITC (Trinamool Congress),1.jpeg
272,2,BJP,BJP,2.jpg
272,4,Left Front,Left Front,4.png
272,12,Independent,Independent,
272,44,Others (specify),Others (specify),
272,55,NOTA,NOTA,
272,66,Did not vote,Did not vote,
272,77,Not eligible for voting,Not eligible for voting,
272,88,No response/Refused to answer,No response/Refused to answer,
273,1,AITC (Trinamool Congress),AITC (Trinamool Congress),1.jpeg
273,2,BJP,BJP,2.jpg
273,4,Left Front,Left Front,4.png
273,12,Independent,Independent,
273,44,Others (specify),Others (specify),
273,55,NOTA,NOTA,
273,66,Did not vote,Did not vote,
273,77,Not eligible for voting,Not eligible for voting,
273,88,No response/Refused to answer,No response/Refused to answer,
274,1,AITC (Trinamool Congress),AITC (Trinamool Congress),1.jpeg
274,2,BJP,BJP,2.jpg
274,4,Left Front,Left Front,4.png
274,12,Independent,Independent,
274,44,Others (specify),Others (specify),
274,55,NOTA,NOTA,
274,66,Did not vote,Did not vote,
274,77,Not eligible for voting,Not eligible for voting,
274,88,No response/Refused to answer,No response/Refused to answer,
275,1,AITC (Trinamool Congress),AITC (Trinamool Congress),1.jpeg
275,2,BJP,BJP,2.jpg
275,4,Left Front,Left Front,4.png
275,12,Independent,Independent,
275,44,Others (specify),Others (specify),
275,55,NOTA,NOTA,
275,66,Did not vote,Did not vote,
275,77,Not eligible for voting,Not eligible for voting,
275,88,No response/Refused to answer,No response/Refused to answer,
276,1,AITC (Trinamool Congress),AITC (Trinamool Congress),1.jpeg
276,2,BJP,BJP,2.jpg
276,4,Left Front,Left Front,4.png
276,12,Independent,Independent,
276,44,Others (specify),Others (specify),
276,55,NOTA,NOTA,
276,66,Did not vote,Did not vote,
276,77,Not eligible for voting,Not eligible for voting,
276,88,No response/Refused to answer,No response/Refused to answer,
277,1,AITC (Trinamool Congress),AITC (Trinamool Congress),1.jpeg
277,2,BJP,BJP,2.jpg
277,3,INC (Congress),INC (Congress),3.jpg
277,12,Independent,Independent,
277,44,Others (specify),Others (specify),
277,55,NOTA,NOTA,
277,66,Did not vote,Did not vote,
277,77,Not eligible for voting,Not eligible for voting,
277,88,No response/Refused to answer,No response/Refused to answer,
278,1,AITC (Trinamool Congress),AITC (Trinamool Congress),1.jpeg
278,2,BJP,BJP,2.jpg
278,4,Left Front,Left Front,4.png
278,12,Independent,Independent,
278,44,Others (specify),Others (specify),
278,55,NOTA,NOTA,
278,66,Did not vote,Did not vote,
278,77,Not eligible for voting,Not eligible for voting,
278,88,No response/Refused to answer,No response/Refused to answer,
279,1,AITC (Trinamool Congress),AITC (Trinamool Congress),1.jpeg
279,2,BJP,BJP,2.jpg
279,4,Left Front,Left Front,4.png
279,12,Independent,Independent,
279,44,Others (specify),Others (specify),
279,55,NOTA,NOTA,
279,66,Did not vote,Did not vote,
279,77,Not eligible for voting,Not eligible for voting,
279,88,No response/Refused to answer,No response/Refused to answer,
280,1,AITC (Trinamool Congress),AITC (Trinamool Congress),1.jpeg
280,2,BJP,BJP,2.jpg
280,4,Left Front,Left Front,4.png
280,12,Independent,Independent,
280,44,Others (specify),Others (specify),
280,55,NOTA,NOTA,
280,66,Did not vote,Did not vote,
280,77,Not eligible for voting,Not eligible for voting,
280,88,No response/Refused to answer,No response/Refused to answer,
281,1,AITC (Trinamool Congress),AITC (Trinamool Congress),1.jpeg
281,2,BJP,BJP,2.jpg
281,12,Independent,Independent,
281,44,Others (specify),Others (specify),
281,55,NOTA,NOTA,
281,66,Did not vote,Did not vote,
281,77,Not eligible for voting,Not eligible for voting,
281,88,No response/Refused to answer,No response/Refused to answer,
282,1,AITC (Trinamool Congress),AITC (Trinamool Congress),1.jpeg
282,2,BJP,BJP,2.jpg
282,3,INC (Congress),INC (Congress),3.jpg
282,12,Independent,Independent,
282,44,Others (specify),Others (specify),
282,55,NOTA,NOTA,
282,66,Did not vote,Did not vote,
282,77,Not eligible for voting,Not eligible for voting,
282,88,No response/Refused to answer,No response/Refused to answer,
283,1,AITC (Trinamool Congress),AITC (Trinamool Congress),1.jpeg
283,2,BJP,BJP,2.jpg
283,3,INC (Congress),INC (Congress),3.jpg
283,12,Independent,Independent,
283,44,Others (specify),Others (specify),
283,55,NOTA,NOTA,
283,66,Did not vote,Did not vote,
283,77,Not eligible for voting,Not eligible for voting,
283,88,No response/Refused to answer,No response/Refused to answer,
284,1,AITC (Trinamool Congress),AITC (Trinamool Congress),1.jpeg
284,2,BJP,BJP,2.jpg
284,4,Left Front,Left Front,4.png
284,12,Independent,Independent,
284,44,Others (specify),Others (specify),
284,55,NOTA,NOTA,
284,66,Did not vote,Did not vote,
284,77,Not eligible for voting,Not eligible for voting,
284,88,No response/Refused to answer,No response/Refused to answer,
285,1,AITC (Trinamool Congress),AITC (Trinamool Congress),1.jpeg
285,2,BJP,BJP,2.jpg
285,3,INC (Congress),INC (Congress),3.jpg
285,12,Independent,Independent,
285,44,Others (specify),Others (specify),
285,55,NOTA,NOTA,
285,66,Did not vote,Did not vote,
285,77,Not eligible for voting,Not eligible for voting,
285,88,No response/Refused to answer,No response/Refused to answer,
286,1,AITC (Trinamool Congress),AITC (Trinamool Congress),1.jpeg
286,2,BJP,BJP,2.jpg
286,4,Left Front,Left Front,4.png
286,12,Independent,Independent,
286,44,Others (specify),Others (specify),
286,55,NOTA,NOTA,
286,66,Did not vote,Did not vote,
286,77,Not eligible for voting,Not eligible for voting,
286,88,No response/Refused to answer,No response/Refused to answer,
287,1,AITC (Trinamool Congress),AITC (Trinamool Congress),1.jpeg
287,2,BJP,BJP,2.jpg
287,4,Left Front,Left Front,4.png
287,12,Independent,Independent,
287,44,Others (specify),Others (specify),
287,55,NOTA,NOTA,
287,66,Did not vote,Did not vote,
287,77,Not eligible for voting,Not eligible for voting,
287,88,No response/Refused to answer,No response/Refused to answer,
288,1,AITC (Trinamool Congress),AITC (Trinamool Congress),1.jpeg
288,2,BJP,BJP,2.jpg
288,4,Left Front,Left Front,4.png
288,12,Independent,Independent,
288,44,Others (specify),Others (specify),
288,55,NOTA,NOTA,
288,66,Did not vote,Did not vote,
288,77,Not eligible for voting,Not eligible for voting,
288,88,No response/Refused to answer,No response/Refused to answer,
289,1,AITC (Trinamool Congress),AITC (Trinamool Congress),1.jpeg
289,2,BJP,BJP,2.jpg
289,4,Left Front,Left Front,4.png
289,12,Independent,Independent,
289,44,Others (specify),Others (specify),
289,55,NOTA,NOTA,
289,66,Did not vote,Did not vote,
289,77,Not eligible for voting,Not eligible for voting,
289,88,No response/Refused to answer,No response/Refused to answer,
290,1,AITC (Trinamool Congress),AITC (Trinamool Congress),1.jpeg
290,2,BJP,BJP,2.jpg
290,12,Independent,Independent,
290,44,Others (specify),Others (specify),
290,55,NOTA,NOTA,
290,66,Did not vote,Did not vote,
290,77,Not eligible for voting,Not eligible for voting,
290,88,No response/Refused to answer,No response/Refused to answer,
291,1,AITC (Trinamool Congress),AITC (Trinamool Congress),1.jpeg
291,2,BJP,BJP,2.jpg
291,4,Left Front,Left Front,4.png
291,12,Independent,Independent,
291,44,Others (specify),Others (specify),
291,55,NOTA,NOTA,
291,66,Did not vote,Did not vote,
291,77,Not eligible for voting,Not eligible for voting,
291,88,No response/Refused to answer,No response/Refused to answer,
292,1,AITC (Trinamool Congress),AITC (Trinamool Congress),1.jpeg
292,2,BJP,BJP,2.jpg
292,3,INC (Congress),INC (Congress),3.jpg
292,12,Independent,Independent,
292,44,Others (specify),Others (specify),
292,55,NOTA,NOTA,
292,66,Did not vote,Did not vote,
292,77,Not eligible for voting,Not eligible for voting,
292,88,No response/Refused to answer,No response/Refused to answer,
293,1,AITC (Trinamool Congress),AITC (Trinamool Congress),1.jpeg
293,2,BJP,BJP,2.jpg
293,4,Left Front,Left Front,4.png
293,12,Independent,Independent,
293,44,Others (specify),Others (specify),
293,55,NOTA,NOTA,
293,66,Did not vote,Did not vote,
293,77,Not eligible for voting,Not eligible for voting,
293,88,No response/Refused to answer,No response/Refused to answer,
294,1,AITC (Trinamool Congress),AITC (Trinamool Congress),1.jpeg
294,2,BJP,BJP,2.jpg
294,3,INC (Congress),INC (Congress),3.jpg
294,12,Independent,Independent,
294,44,Others (specify),Others (specify),
294,55,NOTA,NOTA,
294,66,Did not vote,Did not vote,
294,77,Not eligible for voting,Not eligible for voting,
294,88,No response/Refused to answer,No response/Refused to answer,
999,1,AITC (Trinamool Congress),AITC (Trinamool Congress),1.jpeg
999,2,BJP,BJP,2.jpg
999,3,INC (Congress),INC (Congress),3.jpg
999,4,Left Front,Left Front,4.png
999,12,Independent,Independent,
999,44,Others (specify),Others (specify),
999,55,NOTA,NOTA,
999,66,Did not vote,Did not vote,
999,77,Not eligible for voting,Not eligible for voting,
999,88,No response/Refused to answer,No response/Refused to answer,
